id	문장	정답	오답	힌트	verdict	reason	fix
g96228aca	더우니까 ___ 좀 열어 줄래?	창문	작문,작물	바람이 들어오는 곳	keep	오답 작문·작물은 문맥에 안 맞음. 둘 다 조금 드문 말(확장 문서 7절에도 기록)	
g1c8372ff	내 ___은 창문이 커서 햇빛이 잘 들어.	방	빵,발	잠자고 쉬는 공간	keep	정답 하나만 맞음. 오답 빵·발은 넣으면 말이 안 됨. 문장 자연스러움	
g38e67e3f	학교 끝나면 바로 ___에 가.	집	칩,찜	가족과 함께 사는 곳	keep	정답 하나만 맞음. 오답 칩·찜은 넣으면 말이 안 됨. 문장 자연스러움	
g632b5c3b	___에서 강아지가 뛰어놀아.	마당	배낭,파랑	집 앞의 흙바닥	fix	문장·오답은 좋음. 힌트 '집 앞의 흙바닥'은 마당 뜻과 조금 어긋남(흙바닥에 한정되지 않고 앞뒤 모두)	힌트: 집 앞이나 뒤의 평평한 빈 땅
ge247fb4c	추워서 ___을 머리끝까지 덮었어.	이불	이북,지불	잘 때 덮는 것	keep	이북(전자책·북한)은 뜻이 둘이지만 어느 쪽도 '덮었어'에 안 맞음	
gdf8af07c	___에 누우면 금방 잠이 들어.	침대	임대,침해	잠자는 가구	keep	임대·침해는 어른 말이지만 오답으로는 지장 없음	
gefdadfd9	___에 주스를 가득 따랐어.	컵	겁,검	마실 것을 담는 그릇	keep	정답 하나만 맞음. 오답 겁·검은 넣으면 말이 안 됨. 문장 자연스러움	
g42c31f7b	엄마가 김장하려고 ___를 소금에 절였어.	배추	배구,배우	김치가 되는 잎채소	keep	정답 하나만 맞음. 오답 배구·배우은 넣으면 말이 안 됨. 문장 자연스러움	
gfbdf3413	___로 벽에 못을 박았어.	망치	방지,방치	두드리는 연장	keep	정답 하나만 맞음. 오답 방지·방치은 넣으면 말이 안 됨. 문장 자연스러움	
ga8ed8bfc	벽에 ___을 달아서 책을 올려 뒀어.	선반	선박,선발	물건을 올려놓는 받침대	keep	정답 하나만 맞음. 오답 선박·선발은 넣으면 말이 안 됨. 문장 자연스러움	
g92a29149	안 쓰는 물건은 ___에 넣어 둬.	창고	창구,창조	물건을 쌓아 두는 곳	keep	정답 하나만 맞음. 오답 창구·창조은 넣으면 말이 안 됨. 문장 자연스러움	
gefd7573f	___에 비친 내 얼굴이 피곤해 보여.	거울	겨울,서울	얼굴을 비춰 보는 것	keep	정답 하나만 맞음. 오답 겨울·서울은 넣으면 말이 안 됨. 문장 자연스러움	
gdf684634	밥 먹게 ___ 좀 놓아 줘.	수저	수거,주저	숟가락과 젓가락	keep	정답 하나만 맞음. 오답 수거·주저은 넣으면 말이 안 됨. 문장 자연스러움	
gd98b0a9e	___가 꼬리를 흔들며 반겼어.	개	해,대	집에서 기르는 동물	keep	정답 하나만 맞음. 오답 해·대은 넣으면 말이 안 됨. 문장 자연스러움	
g5a6cb597	머리가 엉켜서 ___으로 정리했어.	빗	빛,빚	머리카락을 가지런히 하는 도구	keep	빗·빛·빚 모두 실단어, 받침 ㅅ·ㅊ·ㅈ는 입 안쪽 무리라 눈으로 못 가름. '빚으로 정리'는 문맥상 안 됨	
gffde9c8d	김치에 ___을 듬뿍 넣었어.	마늘	마을,바늘	냄새가 강한 양념 채소	keep	정답 하나만 맞음. 오답 마을·바늘은 넣으면 말이 안 됨. 문장 자연스러움	
g31517451	국에 ___를 송송 썰어 넣었어.	파	배,매	초록색 양념 채소	keep	'송송 썰다'가 파에 붙는 말이라 배·매가 지워짐	
g405fc8b2	여름엔 ___을 얹은 빙수가 최고야.	팥	팔,판	붉은 곡식	keep	정답 하나만 맞음. 오답 팔·판은 넣으면 말이 안 됨. 문장 자연스러움	
g247f9abd	상추에 고기를 올려 ___을 싸 먹었어.	쌈	삽,탑	채소에 싸서 먹는 음식	keep	정답 하나만 맞음. 오답 삽·탑은 넣으면 말이 안 됨. 문장 자연스러움	
g767d1f1a	___을 꿀에 찍어 먹었어.	떡	등,턱	쌀로 만든 간식	keep	정답 하나만 맞음. 오답 등·턱은 넣으면 말이 안 됨. 문장 자연스러움	
g0de05c14	아침으로 ___에 잼을 발라 먹었어.	빵	방,밖	밀가루를 구운 음식	keep	정답 하나만 맞음. 오답 방·밖은 넣으면 말이 안 됨. 문장 자연스러움	
g3fdd6ed8	이 사탕은 딸기 ___이 나.	맛	밭,발	혀로 느끼는 것	keep	정답 하나만 맞음. 오답 밭·발은 넣으면 말이 안 됨. 문장 자연스러움	
g9f15da00	아이가 막대 ___을 빨아 먹었어.	사탕	사랑,사장	달콤한 군것질거리	keep	정답 하나만 맞음. 오답 사랑·사장은 넣으면 말이 안 됨. 문장 자연스러움	
gfd85fd73	___이 짜서 물을 더 부었어.	국	곡,공	숟가락으로 떠먹는 음식	keep	정답 하나만 맞음. 오답 곡·공은 넣으면 말이 안 됨. 문장 자연스러움	
g2ca2cef9	여름에는 시원한 ___를 말아 먹어.	국수	군수,국소	길쭉한 면 요리	keep	국소는 드문 전문어라 학습자가 몰라서 지울 수 있음(문항이 쉬워질 뿐 오류는 아님)	
g85ff84f7	고기와 두부로 속을 채운 ___를 쪘어.	만두	만주,만도	밀가루 피에 소를 넣은 음식	fix	만주는 좋은 오답. 만도는 회사 이름으로 더 알려진 드문 말(晩稻)	오답2: 만도 → 만추 (check_closure 통과 확인)
g1ce68253	___를 깨서 먹으면 고소해.	호두	호수,호주	껍데기가 딱딱한 견과	keep	정답 하나만 맞음. 오답 호수·호주은 넣으면 말이 안 됨. 문장 자연스러움	
gf2305cf5	늙은 ___으로 달콤한 죽을 끓였어.	호박	도박,소박	누렇게 익는 둥근 채소	keep	앞선 자체 검토에서 관용구 문제를 고친 판. 도박·소박은 '늙은 ~으로 죽을 끓였어'에 안 맞음	
gb550a1ee	초밥 중에서는 ___ 초밥이 제일 맛있어.	연어	영어,언어	주황빛 살의 생선	keep	정답 하나만 맞음. 오답 영어·언어은 넣으면 말이 안 됨. 문장 자연스러움	
g701866bd	정육점에서 ___ 한 근을 샀어.	고기	고리,고지	동물의 살	keep	정답 하나만 맞음. 오답 고리·고지은 넣으면 말이 안 됨. 문장 자연스러움	
gdf8ae079	할머니가 ___를 쪄서 주셨어.	감자	감사,남자	땅속에서 자라는 둥근 작물	keep	정답 하나만 맞음. 오답 감사·남자은 넣으면 말이 안 됨. 문장 자연스러움	
gd9afb383	바닷물을 말려서 ___을 만들어.	소금	조금,소름	짠맛을 내는 조미료	keep	정답 하나만 맞음. 오답 조금·소름은 넣으면 말이 안 됨. 문장 자연스러움	
gb0ccfddb	케이크 위에 하얀 ___을 발랐어.	크림	그림,트림	부드럽고 달콤한 것	keep	트림은 우스운 말이지만 불쾌하지 않음	
g46673271	냉면 위에 ___를 채 썰어 올렸어.	오이	오리,오지	길쭉한 초록 채소	keep	정답 하나만 맞음. 오답 오리·오지은 넣으면 말이 안 됨. 문장 자연스러움	
gd44c4db5	깍두기는 ___로 담가.	무	부,모	흰 뿌리채소	keep	정답 하나만 맞음. 오답 부·모은 넣으면 말이 안 됨. 문장 자연스러움	
gc8bfb911	나물에 고소한 ___를 솔솔 뿌렸어.	깨	개,해	볶으면 고소한 작은 씨앗	keep	정답 하나만 맞음. 오답 개·해은 넣으면 말이 안 됨. 문장 자연스러움	
g5655f933	___로 케이크를 한 입 떠먹었어.	포크	포트,포드	끝이 갈라진 식사 도구	keep	포드는 자동차 상표로 더 알려짐. 규칙(한 음소 차이·입 안쪽 무리)을 지키는 다른 실단어(보크·포그)는 더 드묾 → 사람 판단	
gbbd3dd50	방앗간에서 ___을 빻아 가루로 만들었어.	쌀	탈,달	밥을 짓는 곡식	keep	정답 하나만 맞음. 오답 탈·달은 넣으면 말이 안 됨. 문장 자연스러움	
ge04a3912	선생님 질문에 ___을 못 했어.	답	담,탑	물음에 대한 말	keep	정답 하나만 맞음. 오답 담·탑은 넣으면 말이 안 됨. 문장 자연스러움	
g27de7fa6	내일까지 ___를 다 해 가야 해.	숙제	축제,국제	집에서 해 오는 공부	keep	정답 하나만 맞음. 오답 축제·국제은 넣으면 말이 안 됨. 문장 자연스러움	
gfae2027e	학교 ___에서 뛰면 안 돼.	복도	복수,목수	교실 밖 통로	keep	정답 하나만 맞음. 오답 복수·목수은 넣으면 말이 안 됨. 문장 자연스러움	
gff548bd4	영화 ___ 시간에 늦었어.	시작	시장,시각	처음 하는 때	keep	상황 칸이 '학교'지만 영화 장면(분류만 어긋남). 시장·시각은 '영화 ~ 시간'에 안 맞음	
g6dd534eb	형은 대학을 졸업하고 중학교 ___가 됐어.	교사	교차,고사	아이들을 가르치는 사람	keep	정답 하나만 맞음. 오답 교차·고사은 넣으면 말이 안 됨. 문장 자연스러움	
ga4a3511b	시험이 내일이라 오늘은 ___를 해야 해.	공부	공포,동부	책을 보며 익히는 일	keep	정답 하나만 맞음. 오답 공포·동부은 넣으면 말이 안 됨. 문장 자연스러움	
gf4c2cf40	친구 ___에 숙제를 빨리 끝냈어.	덕	떡,등	도움을 받은 고마움	keep	'친구 덕에'는 자연스러움. 덕은 추상어라 어린 학습자에게는 조금 어려움	
gd5242d76	배낭을 ___에 메고 산을 올랐어.	등	떡,덕	몸의 뒤쪽	keep	정답 하나만 맞음. 오답 떡·덕은 넣으면 말이 안 됨. 문장 자연스러움	
g7987aa99	___로 선을 반듯하게 그었어.	자	차,사	길이를 재는 도구	keep	정답 하나만 맞음. 오답 차·사은 넣으면 말이 안 됨. 문장 자연스러움	
g7de79b66	엄마랑 ___에 가서 채소를 샀어.	시장	시작,시상	물건을 사고파는 곳	keep	정답 하나만 맞음. 오답 시작·시상은 넣으면 말이 안 됨. 문장 자연스러움	
g69bb1bd3	이 모자는 ___ 원밖에 안 해.	만	판,밭	천의 열 배	keep	정답 하나만 맞음. 오답 판·밭은 넣으면 말이 안 됨. 문장 자연스러움	
gc6809f83	도서관에서 ___을 세 권 빌렸어.	책	색,댁	읽을거리	keep	정답 하나만 맞음. 오답 색·댁은 넣으면 말이 안 됨. 문장 자연스러움	
g2402c718	햇볕이 뜨거우니 ___를 써.	모자	모사,모카	머리에 쓰는 것	keep	정답 하나만 맞음. 오답 모사·모카은 넣으면 말이 안 됨. 문장 자연스러움	
g469ce940	오늘은 바지 말고 ___를 입었어.	치마	이마,치매	아래에 입는 옷	keep	치매는 무거운 말이지만 일상어이고 문맥에 안 맞음	
ga3c8f5b1	감기에 걸려서 ___가 막혔어.	코	소,도	냄새를 맡는 얼굴 부위	keep	정답 하나만 맞음. 오답 소·도은 넣으면 말이 안 됨. 문장 자연스러움	
g358fab7e	하루 종일 걸었더니 ___이 퉁퉁 부었어.	발	팥,밭	걸을 때 땅에 닿는 곳	keep	'팥이 불다'와 헷갈릴 여지가 있으나 '하루 종일 걸었더니'가 막음	
g6c900cc1	무거운 상자를 들다가 ___를 삐끗했어.	허리	거리,서리	몸통 가운데	keep	정답 하나만 맞음. 오답 거리·서리은 넣으면 말이 안 됨. 문장 자연스러움	
g78c1e169	넘어져서 ___에 멍이 들었어.	다리	대리,사리	걷는 데 쓰는 몸	fix	문장·오답은 좋음. 힌트 '걷는 데 쓰는 몸'이 어색함(몸 전체를 가리키는 말처럼 읽힘)	힌트: 걸을 때 쓰는 몸의 부분
g8a64464e	더워서 이마에 ___이 맺혔어.	땀	답,삽	몸에서 나는 물기	keep	정답 하나만 맞음. 오답 답·삽은 넣으면 말이 안 됨. 문장 자연스러움	
gb3432529	추운 바람에 ___이 빨갛게 얼었어.	뺨	밥,밤	얼굴의 양옆	keep	정답 하나만 맞음. 오답 밥·밤은 넣으면 말이 안 됨. 문장 자연스러움	
g1e79e821	___을 괴고 창밖을 봤어.	턱	떡,덕	얼굴 아래쪽	keep	정답 하나만 맞음. 오답 떡·덕은 넣으면 말이 안 됨. 문장 자연스러움	
gd7333a87	밥 먹기 전에 ___을 깨끗이 씻어.	손	톤,논	물건을 잡는 몸	fix	문장·오답은 좋음. 힌트 '물건을 잡는 몸'이 어색함	힌트: 물건을 잡는 몸의 부분
g983af2cd	뜨거우니까 ___으로 후후 불어서 먹어.	입	칩,집	말하고 먹는 곳	keep	정답 하나만 맞음. 오답 칩·집은 넣으면 말이 안 됨. 문장 자연스러움	
g07c44409	맛있는 냄새에 ___이 꿀꺽 넘어갔어.	침	칩,집	입 안에 고이는 것	keep	정답 하나만 맞음. 오답 칩·집은 넣으면 말이 안 됨. 문장 자연스러움	
g33a094de	코에서 ___가 나서 휴지로 막았어.	피	비,미	몸속을 도는 붉은 것	keep	정답 하나만 맞음. 오답 비·미은 넣으면 말이 안 됨. 문장 자연스러움	
ged5c9bae	요즘 ___이 무거워서 운동을 시작했어.	몸	봄,폼	사람의 신체	keep	정답 하나만 맞음. 오답 봄·폼은 넣으면 말이 안 됨. 문장 자연스러움	
gbc20b937	병원에서 받은 ___을 하루 세 번 먹어.	약	액,악	아플 때 먹는 것	keep	정답 하나만 맞음. 오답 액·악은 넣으면 말이 안 됨. 문장 자연스러움	
g96ee157e	감기 때문에 ___이 칼칼해.	목	폭,묵	머리와 몸을 잇는 부분	keep	정답 하나만 맞음. 오답 폭·묵은 넣으면 말이 안 됨. 문장 자연스러움	
g256db028	음악 소리가 너무 커서 ___가 아파.	귀	뒤,쥐	소리를 듣는 곳	keep	쥐는 '쥐가 나다'와 달리 '아파'와 안 맞음	
g2d31cb3e	달리기를 했더니 ___이 두근거려.	가슴	사슴,가늠	심장이 있는 곳	keep	가늠은 조금 드문 말	
g10d97e45	___를 타고 부산에 갔어.	기차	기타,기자	레일 위를 달리는 것	keep	정답 하나만 맞음. 오답 기타·기자은 넣으면 말이 안 됨. 문장 자연스러움	
g133ecab0	섬에 가려면 ___를 타야 해.	배	매,파	물 위로 다니는 탈것	keep	정답 하나만 맞음. 오답 매·파은 넣으면 말이 안 됨. 문장 자연스러움	
gd99c80d9	택시 ___가 길을 잘 몰라서 헤맸어.	기사	기자,기차	운전하는 사람	keep	정답 하나만 맞음. 오답 기자·기차은 넣으면 말이 안 됨. 문장 자연스러움	
gd461d1cb	비행기를 타러 ___에 갔어.	공항	공장,공학	비행기가 뜨고 내리는 곳	keep	정답 하나만 맞음. 오답 공장·공학은 넣으면 말이 안 됨. 문장 자연스러움	
g33ee2954	고기잡이배가 ___에 들어왔어.	항구	창구,장구	배가 드나드는 곳	keep	정답 하나만 맞음. 오답 창구·장구은 넣으면 말이 안 됨. 문장 자연스러움	
g9da43e98	호수에서 ___를 타고 노를 저었어.	보트	보스,포트	작은 배	keep	정답 하나만 맞음. 오답 보스·포트은 넣으면 말이 안 됨. 문장 자연스러움	
g28425786	___ 막히니까 지하철 타고 가자.	차	자,사	도로를 달리는 것	keep	정답 하나만 맞음. 오답 자·사은 넣으면 말이 안 됨. 문장 자연스러움	
gd989e450	우리 할아버지는 평생 ___로 사셨어.	농부	공부,동부	농사짓는 사람	keep	정답 하나만 맞음. 오답 공부·동부은 넣으면 말이 안 됨. 문장 자연스러움	
ga93886e7	이모는 방송국에서 일하는 ___야.	기자	기차,기타	뉴스를 취재하는 사람	keep	정답 하나만 맞음. 오답 기차·기타은 넣으면 말이 안 됨. 문장 자연스러움	
g98057d25	___가 배를 타고 고기를 잡으러 나갔어.	어부	서부,여부	바다에서 일하는 사람	fix	여부는 홀로 주어로 쓰지 않는 말이라 '여부가'가 문법으로 지워짐	오답2: 여부 → 거부 (check_closure 통과 확인)
g0500d692	뉴스 ___에 따르면 내일 비가 온대.	보도	포도,포로	신문·방송이 알리는 소식	keep	정답 하나만 맞음. 오답 포도·포로은 넣으면 말이 안 됨. 문장 자연스러움	
g41c91cd1	신문에 우리 학교 ___가 실렸어.	기사	기차,기타	신문에 쓰인 글	keep	정답 하나만 맞음. 오답 기차·기타은 넣으면 말이 안 됨. 문장 자연스러움	
g32f57344	게임 마지막 판에 ___가 나왔어.	보스	보트,보드	가장 센 적	keep	정답 하나만 맞음. 오답 보트·보드은 넣으면 말이 안 됨. 문장 자연스러움	
g6a32c36b	비 오는 ___에는 파전이 생각나.	날	칼,쌀	하루하루	keep	정답 하나만 맞음. 오답 칼·쌀은 넣으면 말이 안 됨. 문장 자연스러움	
g0ff193f4	주말마다 아빠랑 ___에 올라가.	산	살,쌀	높이 솟은 땅	keep	정답 하나만 맞음. 오답 살·쌀은 넣으면 말이 안 됨. 문장 자연스러움	
g723e6358	가을이 되면 ___이 빨갛게 물들어.	잎	입,짚	나무에 달린 것	keep	짚은 드문 말. '입이 빨갛게 물들어'는 가을 문맥이 막음	
g03058df3	___이 잔뜩 껴서 곧 비가 올 것 같아.	구름	주름,구금	높이 떠 있는 하얀 덩어리	keep	구금은 법률어라 드묾	
g3536dab5	추운 새벽에 차 유리에 ___가 하얗게 꼈어.	서리	거리,허리	얼어붙은 이슬	keep	정답 하나만 맞음. 오답 거리·허리은 넣으면 말이 안 됨. 문장 자연스러움	
gdadec49a	아침에 풀잎에 ___이 맺혀 있었어.	이슬	이틀,이승	밤사이 맺힌 물방울	keep	정답 하나만 맞음. 오답 이틀·이승은 넣으면 말이 안 됨. 문장 자연스러움	
g43f1b992	___이 오면 꽃이 피어.	봄	몸,폼	따뜻한 계절	keep	정답 하나만 맞음. 오답 몸·폼은 넣으면 말이 안 됨. 문장 자연스러움	
gf0df9c86	우산이 없는데 ___가 쏟아졌어.	비	피,미	구름에서 떨어지는 물	keep	정답 하나만 맞음. 오답 피·미은 넣으면 말이 안 됨. 문장 자연스러움	
g1b26673d	비가 오니까 ___을 챙겨.	우산	유산,우상	비를 막는 것	keep	정답 하나만 맞음. 오답 유산·우상은 넣으면 말이 안 됨. 문장 자연스러움	
gb40fa62b	___에 오리들이 떠 있어.	호수	호두,호주	땅에 고인 넓은 물	keep	정답 하나만 맞음. 오답 호두·호주은 넣으면 말이 안 됨. 문장 자연스러움	
g9d78c33e	사슴 머리에 ___이 났어.	뿔	붓,분	머리에 돋은 단단한 것	keep	'분이 나다'(화가 나다)라는 말이 있으나 '사슴 머리에'와 안 맞음	
g47d6aab1	마당에 ___이 무성하게 자랐어.	풀	불,물	땅에서 자라는 초록 식물	keep	정답 하나만 맞음. 오답 불·물은 넣으면 말이 안 됨. 문장 자연스러움	
gaeb8942d	냇물에 ___을 던져서 물수제비를 떴어.	돌	논,톤	단단한 덩어리	keep	정답 하나만 맞음. 오답 논·톤은 넣으면 말이 안 됨. 문장 자연스러움	
g4c112a75	___가 높이 날다가 쥐를 잡았어.	매	배,파	사냥하는 새	keep	정답 하나만 맞음. 오답 배·파은 넣으면 말이 안 됨. 문장 자연스러움	
g264a6344	꽃밭에 ___가 날아다녀.	나비	자비,사비	날개가 예쁜 곤충	keep	정답 하나만 맞음. 오답 자비·사비은 넣으면 말이 안 됨. 문장 자연스러움	
g5539570e	강물 위에 ___가 둥둥 떠다녀.	오리	소리,요리	물 위에 떠다니는 새	keep	힌트가 문장을 거의 되풀이하지만 답을 직접 쓰지는 않음	
gc6c573bd	___이 겨울잠을 자.	곰	홈,돔	덩치 큰 동물	keep	정답 하나만 맞음. 오답 홈·돔은 넣으면 말이 안 됨. 문장 자연스러움	
g6940434a	___는 꾀가 많은 동물이래.	여우	여유,여수	꼬리가 풍성한 동물	keep	여수는 지명(고유 명사)이고 '여수(旅愁)'는 드묾. 한 음소 차이 실단어 대안이 없어 유지 → 사람 판단	
g8a28b1e7	아침에 ___가 울면 반가운 손님이 온대.	까치	사치,자치	까만 깃털의 새	keep	정답 하나만 맞음. 오답 사치·자치은 넣으면 말이 안 됨. 문장 자연스러움	
gf5617e46	옛날에는 ___에서 물을 길었어.	우물	유물,오물	땅을 파서 물을 긷는 곳	keep	정답 하나만 맞음. 오답 유물·오물은 넣으면 말이 안 됨. 문장 자연스러움	
g761d39aa	오늘 아침은 영하 십 ___까지 떨어졌어.	도	소,코	기온을 세는 단위	keep	숫자를 한글(십)로 씀. 소·코는 기온 단위로 안 맞음	
g58631d3a	이 강은 ___이 넓어서 다리가 길어.	폭	목,푹	가로 길이	fix	푹은 부사라 '푹이 넓어서'가 문법만으로 지워짐	오답2: 푹 → 몫 (check_closure 통과 확인)
gb9d51919	___에 처음 간 사람은 누구야?	달	쌀,칼	밤에 뜨는 둥근 것	keep	정답 하나만 맞음. 오답 쌀·칼은 넣으면 말이 안 됨. 문장 자연스러움	
gdf534fab	높은 곳에 올라가니 ___이 났어.	겁	컵,껌	무서운 마음	keep	정답 하나만 맞음. 오답 컵·껌은 넣으면 말이 안 됨. 문장 자연스러움	
ga65173ce	두 사람은 첫눈에 ___에 빠졌어.	사랑	사탕,사장	좋아하는 마음	keep	정답 하나만 맞음. 오답 사탕·사장은 넣으면 말이 안 됨. 문장 자연스러움	
gabb300df	네 ___ 다 알아, 걱정하지 마.	맘	밥,밤	속에 품은 생각	keep	정답 하나만 맞음. 오답 밥·밤은 넣으면 말이 안 됨. 문장 자연스러움	
gee883d76	무서워서 ___ 영화는 못 봐.	공포	공부,동포	무서운 느낌	keep	정답 하나만 맞음. 오답 공부·동포은 넣으면 말이 안 됨. 문장 자연스러움	
g4f08e07e	내 ___은 아직 초등학생이야.	동생	동상,공생	나보다 어린 형제	keep	공생은 조금 드문 말	
g9d8fbe60	사극에서 선비가 머리에 ___을 쓰고 나왔어.	갓	강,탓	옛날 모자	keep	정답 하나만 맞음. 오답 강·탓은 넣으면 말이 안 됨. 문장 자연스러움	
g41593e7b	펜싱 선수가 ___을 휘둘렀어.	검	컵,겁	길고 날카로운 무기	keep	정답 하나만 맞음. 오답 컵·겁은 넣으면 말이 안 됨. 문장 자연스러움	
g884cf7cf	이 ___ 가사가 너무 좋아.	곡	공,콩	노래 한 편	keep	정답 하나만 맞음. 오답 공·콩은 넣으면 말이 안 됨. 문장 자연스러움	
gff0de9d8	골키퍼가 ___을 막았어.	공	곡,국	발로 차는 둥근 것	keep	정답 하나만 맞음. 오답 곡·국은 넣으면 말이 안 됨. 문장 자연스러움	
g76632808	태풍이 우리나라 ___ 지방을 지나갔어.	동부	공부,농부	해 뜨는 쪽	keep	정답 하나만 맞음. 오답 공부·농부은 넣으면 말이 안 됨. 문장 자연스러움	
g9051525e	___ 줄이 끊어져서 새로 갈았어.	기타	기차,기자	줄을 튕기는 악기	keep	정답 하나만 맞음. 오답 기차·기자은 넣으면 말이 안 됨. 문장 자연스러움	
g60760422	나무꾼이 ___로 나무를 베었어.	도끼	토끼,토기	나무를 찍는 연장	keep	정답 하나만 맞음. 오답 토끼·토기은 넣으면 말이 안 됨. 문장 자연스러움	
g07bdbc10	등산 가려고 ___에 물이랑 도시락을 넣었어.	배낭	마당,파랑	등에 메는 주머니	keep	정답 하나만 맞음. 오답 마당·파랑은 넣으면 말이 안 됨. 문장 자연스러움	
g1e4ed64a	___과 노랑을 섞으면 초록이 돼.	파랑	마당,배낭	바다 같은 색	keep	정답 하나만 맞음. 오답 마당·배낭은 넣으면 말이 안 됨. 문장 자연스러움	
g9020b588	제주도에서 ___을 타 봤어.	말	발,팔	달리는 큰 동물	keep	정답 하나만 맞음. 오답 발·팔은 넣으면 말이 안 됨. 문장 자연스러움	
g2167a3ae	연극이 끝나고 ___이 내려왔어.	막	밖,방	무대 앞 천	keep	정답 하나만 맞음. 오답 밖·방은 넣으면 말이 안 됨. 문장 자연스러움	
g4f0b6ead	비가 그쳤으니 ___에 나가 놀자.	밖	빵,막	집 바깥	keep	정답 하나만 맞음. 오답 빵·막은 넣으면 말이 안 됨. 문장 자연스러움	
gd8dfaca9	할머니는 ___에서 고추를 키우셔.	밭	팔,팥	채소를 기르는 땅	keep	정답 하나만 맞음. 오답 팔·팥은 넣으면 말이 안 됨. 문장 자연스러움	
gf5e27a25	___에 잠이 안 와서 책을 읽었어.	밤	밥,뺨	해가 진 뒤	keep	124번과 정답·오답이 같음(뜻은 다름). 한 레슨에 연달아 나오면 기억으로 맞힐 수 있음	
gf5a18e2e	가을 산에서 ___을 주웠어.	밤	밥,뺨	가시 껍데기 속 열매	keep	123번과 정답·오답이 같음(뜻은 다름)	
g019c88ad	___ 한 마리가 밭을 갈고 있어.	소	코,도	농사일을 돕는 동물	keep	정답 하나만 맞음. 오답 코·도은 넣으면 말이 안 됨. 문장 자연스러움	
g202afb60	오 ___만 기다려 줘.	분	불,붓	짧은 시간 단위	keep	정답 하나만 맞음. 오답 불·붓은 넣으면 말이 안 됨. 문장 자연스러움	
g9f36cad8	아기 ___이 통통해서 귀여워.	볼	불,물	얼굴의 양옆	keep	정답 하나만 맞음. 오답 불·물은 넣으면 말이 안 됨. 문장 자연스러움	
gf2724c86	아빠가 어젯밤 ___에 취해서 들어오셨어.	술	손,논	어른들이 마시는 것	keep	음주 장면. 어린 학습자 대상이면 바꾸는 것을 권함	
gf74095a0	목소리 ___이 높아서 멀리서도 잘 들려.	톤	돌,논	소리의 높낮이	keep	정답 하나만 맞음. 오답 돌·논은 넣으면 말이 안 됨. 문장 자연스러움	
g875e88a5	고양이가 ___을 넘어 도망갔어.	담	답,땀	집 둘레를 막은 벽	keep	정답 하나만 맞음. 오답 답·땀은 넣으면 말이 안 됨. 문장 자연스러움	
gd4be6493	___으로 땅을 팠어.	삽	답,탑	흙을 파는 연장	keep	정답 하나만 맞음. 오답 답·탑은 넣으면 말이 안 됨. 문장 자연스러움	
gc52bf6ba	불국사에 가면 돌로 만든 ___이 있어.	탑	답,땀	높이 쌓은 건축물	keep	정답 하나만 맞음. 오답 답·땀은 넣으면 말이 안 됨. 문장 자연스러움	
g9f00d2e4	___의 물건을 함부로 만지면 안 돼.	남	담,답	다른 사람	keep	정답 하나만 맞음. 오답 담·답은 넣으면 말이 안 됨. 문장 자연스러움	
g7520a6f4	___은 몸에 해로운 중금속이야.	납	답,땀	무거운 회색 금속	keep	납·중금속은 과학 어휘라 일상어로는 조금 어려움	
g5c508bce	___로 사과를 깎았어.	칼	쌀,탈	자르는 도구	keep	정답 하나만 맞음. 오답 쌀·탈은 넣으면 말이 안 됨. 문장 자연스러움	
g1b59f766	겨울에 스키장에서 ___를 탔어.	보드	보스,보트	눈 위를 미끄러지는 판	keep	정답 하나만 맞음. 오답 보스·보트은 넣으면 말이 안 됨. 문장 자연스러움	
gc646ecde	전쟁이 끝나자 ___가 풀려났어.	포로	포도,보도	적에게 잡힌 사람	keep	전쟁·포로 소재지만 불쾌하지 않음	
g0b184a61	목장에서 ___ 떼가 풀을 뜯고 있었어.	양	약,향	털이 곱슬곱슬한 동물	keep	정답 하나만 맞음. 오답 약·향은 넣으면 말이 안 됨. 문장 자연스러움	
gd9fba50e	강 위에 새 ___가 놓였어.	다리	대리,자리	강을 건너는 길	keep	자리(돗자리)는 '강 위에 놓였어'와 어색하게만 맞음	
g3934e0dd	카드에 작은 ___이 박혀 있어.	칩	집,침	작은 전자 부품	fix	'침이 박혀 있어'(벌침·바늘)도 말이 되어 정답이 둘로 읽힐 수 있음	문장: 교통카드 안에 작은 ___이 들어 있어. (check_closure 통과 확인)
gda406a44	겨울에는 ___을 까 먹으면서 텔레비전을 봐.	귤	골,균	주황색 겨울 과일	keep	정답 하나만 맞음. 오답 골·균은 넣으면 말이 안 됨. 문장 자연스러움	
