id	json_index	file	before	after	verdict	reason	fix
E01	proposals[3]	frontend/src/components/GuideModal.jsx:222	학습곡선, 숙달까지 걸린 시도 수, 처음 대비 향상도를 봐요. 사전·사후 검사(각 24문항)는 같은 난이도로 전후를 비교하고, 사후 문항 절반은 검사 전용 화자로 내서 새 가상 화자 조건 점수를 따로 보여줘요. 검사 이력·오류 프로파일·학습량은 흑백 한 장으로 인쇄해 교사나 언어재활사와 나눠요.	학습곡선, 숙달까지 걸린 시도 수, 처음보다 얼마나 늘었는지를 봐요. 사전·사후 검사(각 24문항)는 난이도가 같아서 앞뒤를 비교할 수 있어요. 사후 문항 절반은 검사에만 나오는 화자가 말하고, 그 점수를 '새 가상 화자'로 따로 보여 줘요. 검사 기록, 자주 틀린 것(오류 프로파일), 학습량은 흑백 한 장으로 인쇄해 교사나 언어재활사와 나눠요.	fix	뜻은 같음. 다만 '앞뒤를 비교'는 앞쪽·뒤쪽으로도 읽혀 '전후'보다 흐려짐	…사전·사후 검사(각 24문항)는 난이도가 같아서 훈련 전과 후를 비교할 수 있어요. …(나머지 그대로)
E02	proposals[4]	backend/main.py:359	웹캠 영상은 기기 안에서만 처리되고, 원음성은 채점하는 동안 서버 메모리에서만 처리한 뒤 저장하지 않으므로 이 내보내기에 포함되지 않습니다. 전사문·음성 지표·입모양 계수 기반 점수는 학습 기록으로 저장되어 아래 data에 들어 있습니다.	웹캠 영상은 기기 안에서만 처리됩니다. 목소리 녹음은 채점하는 동안만 서버 메모리에 두고 저장하지 않아, 이 파일에 없습니다. 녹음을 글로 옮긴 것(전사문), 소리 수치, 입모양 점수는 학습 기록으로 저장되어 아래 data에 있습니다.	keep	뜻 같고 더 쉬움(문장 나눔·쉬운 말)	
E03	proposals[7]	frontend/src/pages/EvalReport.jsx:495	한국어 독화에는 표준 자원이 거의 없습니다. LIPLAB은 동구형이음 사전·독화 난이도 지수·자음 / 시각 지각공간·표준 평가셋을 판본과 함께 공개합니다. 앱 밖 연구·교육에서도 활용할 수 있어요.	한국어 독화에는 함께 쓸 수 있는 기본 자료가 거의 없어요. LIPLAB은 입모양이 같은 단어 사전, 독화 난이도 점수, 자음끼리 얼마나 닮아 보이는지 나타낸 지도, 표준 평가 문제를 판 번호와 함께 공개해요. 앱 밖 연구와 교육에도 쓸 수 있어요.	keep	뜻 같고 쉬워짐('자음 시각 지각공간' → 지도 설명)	
E04	proposals[8]	frontend/src/components/Audio2FaceAvatar.jsx:300	직접 녹음한 음성은 화자 불변 음성특징(WavLM, 20화자 학습) 모델이 입모양을 예측합니다. 처음 듣는 화자의 / 입 벌림 상관은 r≈0.66인데, 평가 화자로 학습 시점을 고른 값이라 실제보다 높게 나왔을 수 있어요. / 미리 준비한 예시 5개는 합성 음성(TTS)이고, 입모양은 같은 모델로 미리 계산해 둔 결과입니다.	직접 녹음한 목소리는 말하는 사람이 바뀌어도 같은 특징을 뽑는 모델(WavLM, 20명으로 학습)이 입모양을 예측해요. 처음 듣는 사람의 입 벌림 상관은 r≈0.66이에요. 다만 평가한 사람들로 학습을 멈출 때를 골라서, 실제보다 높게 나왔을 수 있어요. 미리 준비한 예시 5개는 합성 음성(TTS)이고, 입모양은 같은 모델로 미리 계산해 둔 결과예요.	keep	뜻 같음(평가 화자로 멈출 때를 고름). 'r≈0.66', '상관'은 여전히 어려움	
E05	proposals[10]	backend/curriculum.py:107	치경·연구개·성문·경구개음은 혀·목 안쪽 조음이라 겉모습이 거의 같다. 독화로 가장 어려운 무리.	잇몸·여린입천장·목청·센입천장소리는 혀와 목 안쪽에서 만들어져 겉모습이 거의 같다. 독화로 가장 어려운 무리.	keep	뜻 같고 더 쉬움(문장 나눔·쉬운 말)	
E06	proposals[12]	frontend/src/components/A11ySettings.jsx:136	웹캠 영상은 기기 안에서만 처리돼요. 음성은 채점할 때만 서버로 보내 메모리에서 처리하고 저장하지 않으며, 전사문·음성 지표는 학습 기록으로 저장돼요.	웹캠 영상은 기기 안에서만 처리돼요. 목소리 녹음은 채점할 때만 서버로 보내 메모리에서 처리하고, 저장하지 않아요. 녹음을 글로 옮긴 것과 소리 수치는 학습 기록으로 저장돼요.	keep	뜻 같고 더 쉬움(문장 나눔·쉬운 말)	
E07	proposals[13]	frontend/src/components/guide/GuideMockups.jsx:934	분석 탭 예시. 총 학습·평균 정확도·연속 학습 세 칸, 학습시간·정확도 추이 그래프, 활동 캘린더·회차 히스토리·전체 통계 링크.	분석 탭 예시. 맨 위에 총 학습, 평균 정확도, 연속 학습 세 칸. 가운데에 학습시간과 정확도 추이 그래프. 아래에 활동 캘린더, 회차 히스토리, 전체 통계 링크.	keep	원문에 없던 배치(맨 위·가운데·아래)를 붙였으나 목업 순서와 맞음(코드 확인)	
E08	proposals[14]	frontend/src/components/GuideModal.jsx:123	보기를 누르거나 숫자 키 1~4로 고른 뒤 확인을 눌러요. 1단계는 입모양 그룹을, 2단계는 단어를 골라요. 단어 오답 보기는 화면에서 구별되는 것만 나와요. 2단계 레슨의 2문항과 문맥 추론은 문장 속 빈칸을 보기 3개 중에서 채워요.	보기를 누르거나 숫자 키 1~4로 고르고 확인을 눌러요. 1단계는 입모양 그룹을, 2단계는 단어를 골라요. 단어의 틀린 보기는 화면에서 구별되는 것만 나와요. 2단계 레슨의 2문항과 문맥 추론은 문장 속 빈칸을 보기 3개 중에서 채워요.	keep	뜻 같고 더 쉬움(문장 나눔·쉬운 말)	
E09	proposals[17]	backend/articulation.py:42	혀끝을 윗니 뒤 잇몸 쪽으로 올립니다. ㄷ·ㄸ·ㅌ은 댔다 떼며 터뜨리고(ㅌ은 숨을 세게), ㄴ은 댄 채 코로 울리고, ㅅ·ㅆ은 닿지 않게 좁은 틈으로 바람을 내보내고, ㄹ은 가볍게 한 번 튕깁니다(받침 ㄹ은 댄 채 혀 양옆으로 소리를 흘립니다).	혀끝을 윗니 뒤 잇몸 쪽으로 올립니다. ㄷ·ㄸ·ㅌ은 댔다 떼며 터뜨립니다(ㅌ은 숨을 세게). ㄴ은 댄 채 코로 울립니다. ㅅ·ㅆ은 닿지 않게 좁은 틈으로 바람을 내보냅니다. ㄹ은 가볍게 한 번 튕깁니다. 받침 ㄹ은 댄 채 혀 양옆으로 소리를 흘립니다.	keep	뜻 같고 더 쉬움(문장 나눔·쉬운 말)	
E10	proposals[18]	frontend/src/components/GuideModal.jsx:180	약한 입모양이 든 문제가 더 자주 나오는 단어 레슨과, 입모양이 같은 단어 중 문장에 맞는 것을 고르는 문맥 추론 레슨이 12문항씩 번갈아 이어져요. 지금 나오는 유형을 숙달도 낮은 순으로 보여 주고, 원할 때 멈추면 돼요.	두 레슨이 12문항씩 번갈아 나와요. 단어 레슨은 약한 입모양이 든 문제가 더 자주 나와요. 문맥 추론 레슨은 입모양이 같은 단어 중 문장에 맞는 것을 골라요. 지금 나오는 유형을 숙달도가 낮은 순서로 보여 줘요. 원할 때 멈추면 돼요.	keep	뜻 같고 더 쉬움(문장 나눔·쉬운 말)	
E11	proposals[19]	frontend/src/pages/EvalReport.jsx:463	틀린 답 중 이만큼이 입모양이 같아 헷갈린 경우입니다. 독화에서 본질적으로 / 구분이 어려운 지점을 가리키며, 이 비율이 높을수록 청각·문맥 단서 보완이 필요합니다.	틀린 답 가운데 이만큼은 입모양이 같아 헷갈린 경우예요. 입모양만으로는 원래 구별하기 어려운 부분이에요. 이 비율이 높으면 소리나 문맥 같은 다른 단서를 함께 써야 해요.	keep	뜻 같고 더 쉬움(문장 나눔·쉬운 말)	
E12	proposals[20]	frontend/src/components/GuideModal.jsx:112	DOKA 하나가 한 단계예요. 체크가 붙은 DOKA는 숙달한 단계, 링을 두른 큰 DOKA는 지금 단계, 눈을 뜬 연한 DOKA는 건너뛸 수 있는 다음 단계, 잠든 DOKA는 잠긴 단계예요. 열린 DOKA를 누르면 바로 그 단계를 시작해요.	DOKA 하나가 한 단계예요. 체크가 붙은 DOKA는 숙달한 단계예요. 링을 두른 큰 DOKA는 지금 단계예요. 눈을 뜬 연한 DOKA는 건너뛸 수 있는 다음 단계, 잠든 DOKA는 잠긴 단계예요. 열린 DOKA를 누르면 그 단계를 바로 시작해요.	keep	뜻 같고 더 쉬움(문장 나눔·쉬운 말)	
E13	proposals[21]	frontend/src/components/GuideModal.jsx:143	이렇게 들렸어요, 음소별 정확도, DOKA의 한마디를 봐요. 웹캠 미러를 켰다면 입모양 점수가 따로 나오고, 모음 단계는 내 혀 위치를 목표와 겹쳐 보여줘요.	이렇게 들렸어요, 소리별 정확도, DOKA의 한마디를 봐요. 웹캠 미러를 켰다면 입모양 점수가 따로 나와요. 모음 단계는 내 혀 위치를 목표와 겹쳐 보여 줘요.	keep	뜻 같고 더 쉬움(문장 나눔·쉬운 말)	
E14	proposals[23]	backend/curriculum.py:48	둥글게 내미는 모양이 뚜렷해 좋은 닻. 좌우로 퍼지는 전설모음과 확실히 다르다. 오는 턱이 조금 더 벌어지고 우는 더 좁게 오므리지만(말하기에서 연습하는 차이), 보는 쪽에서는 거의 같아 문맥으로 가른다.	둥글게 내미는 모양이 뚜렷해 좋은 닻(기준점). 좌우로 퍼지는 '이'와 확실히 다르다. 오는 턱이 조금 더 벌어지고 우는 더 좁게 오므린다(말하기에서 연습하는 차이). 하지만 보는 쪽에서는 거의 같아 문맥으로 가른다.	fix	"'전설모음'(ㅣ·ㅔ·ㅖ 무리)을 '이' 하나로 좁힘. 같은 파일 다른 곳은 ""'이' 계열""로 씀"	둥글게 내미는 모양이 뚜렷해 좋은 닻(기준점). 좌우로 퍼지는 '이' 계열과 확실히 다르다. (뒤 그대로)
E15	proposals[24]	frontend/src/pages/EvalReport.jsx:253	시행 기록으로 학습곡선과 단계별 도달 시행수, 초기 대비 최근 향상도를 확인합니다.	문제를 푼 기록으로 학습곡선, 단계마다 숙달까지 걸린 시도 수, 처음보다 최근에 얼마나 늘었는지를 봐요.	keep	뜻 같고 더 쉬움(문장 나눔·쉬운 말)	
E16	proposals[25]	backend/curriculum.py:56	특징이 옅어 개방모음·원순모음보다 읽기 어렵다. 앞뒤 소리로 보완.	특징이 옅어 크게 벌리는 '아'나 둥근 '오·우'보다 읽기 어렵다. 앞뒤 소리로 채운다.	fix	'보완'을 '채운다'로 바꿔 '앞뒤 소리로 채운다'가 무엇을 채우는지 흐려짐	특징이 옅어 크게 벌리는 '아'나 둥근 '오·우'보다 읽기 어렵다. 앞뒤 소리를 함께 보고 판단한다.
E17	proposals[26]	frontend/src/components/guide/GuideMockups.jsx:936	프로필 탭 예시. 이름과 레벨 카드, 자가진단 다시 하기·계정 설정·학습 초기화 메뉴, 왼쪽 아래 접근성 설정 Aa 버튼.	프로필 탭 예시. 이름과 레벨 카드. 자가진단 다시 하기, 계정 설정, 학습 초기화 메뉴. 왼쪽 아래 접근성 설정 Aa 버튼.	keep	뜻 같고 더 쉬움(문장 나눔·쉬운 말)	
E18	proposals[27]	frontend/src/components/VocalTractSimulator.jsx:246	성도 조음 조작판. 화살표키로 혀 위치, 대괄호로 입술 원순, 스페이스로 발성. 지금 소리 ○, F1 ○ F2 ○ 헤르츠.	입 안 모양 조작판. 화살표 키로 혀 위치, 대괄호 키로 입술 둥글림, 스페이스 키로 소리 내기. 지금 소리 ○, F1 ○ F2 ○ 헤르츠.	keep	뜻 같고 더 쉬움(문장 나눔·쉬운 말)	
E19	proposals[28]	frontend/src/pages/EvalReport.jsx:402	조음 교정 전후 오차 (웹캠)	웹캠 입모양 연습 전후 차이	fix	'목표와의 오차(전후)'가 '전후 차이'로 바뀌어 '처음과 끝의 차이'로 잘못 읽힐 수 있음	웹캠 입모양 연습: 목표와의 차이(처음 → 끝)
E20	proposals[29]	backend/curriculum.py:41	좌우로 퍼지는 '이' 계열. 둥근 원순모음과 정반대라 구별이 쉽다.	좌우로 퍼지는 '이' 계열. 둥글게 내미는 '오·우'와 정반대라 구별이 쉽다.	keep	뜻 같고 더 쉬움(문장 나눔·쉬운 말)	
E21	proposals[30]	frontend/src/pages/EvalReport.jsx:187	교정 세션 ○회, 목표 대비 평균 오차 ○ → ○ (세션 처음 → 끝, 0에 가까울수록 목표와 가까움)	입모양 연습 ○회, 목표와의 평균 차이 ○ → ○ (연습 처음 → 끝, 0에 가까울수록 목표와 가까움)	keep	뜻 같고 더 쉬움(문장 나눔·쉬운 말)	
E22	proposals[31]	frontend/src/components/WebcamMouthCheck.jsx:334	조음 교정 · 관찰 계수 (축 E)	입모양 맞추기 · 내 입 수치	keep	뜻 같고 더 쉬움(문장 나눔·쉬운 말)	
E23	proposals[33]	frontend/src/components/GuideModal.jsx:96	불꽃은 연속 학습 일수, 별은 누적 XP, 육각형은 레벨이에요. 연속으로 공부할수록 같은 문제에서 받는 XP가 늘어요(최대 3배). 휴대폰에서는 오른쪽 위 이름 첫 글자를 누르면 프로필로 가요.	불꽃은 연속 학습 일수, 별은 모은 XP, 육각형은 레벨이에요. 며칠 이어서 공부할수록 같은 문제에서 받는 XP가 늘어요(최대 3배). 휴대폰에서는 오른쪽 위 이름 첫 글자를 누르면 프로필로 가요.	keep	뜻 같고 더 쉬움(문장 나눔·쉬운 말)	
E24	proposals[34]	frontend/src/components/GuideModal.jsx:114	보고 있는 단계의 진행률이 떠요. 숫자는 숙달 판정에 필요한 최소 시도 수 대비 푼 수예요. 다 채웠는데 정답률이 모자라면 '숙달 중'으로 보여요. 처음이면 학습 시작하기, 이어서라면 이어서 학습하기를 눌러요.	보고 있는 단계의 진행률이 떠요. 숫자는 숙달 판정에 필요한 최소 시도 수 가운데 푼 수예요. 다 채웠는데 정답률이 모자라면 '숙달 중'으로 보여요. 처음이면 학습 시작하기를, 이어서 할 때는 이어서 학습하기를 눌러요.	keep	뜻 같고 더 쉬움(문장 나눔·쉬운 말)	
E25	proposals[35]	frontend/src/components/VocalTractSimulator.jsx:326	ㅗ·ㅜ는 입술 원순을 함께 올려야 제 소리가 나요. 발성 소리는 공명(F1·F2)만 흉내 낸 근사 합성이고, / 성도 단면과 합성음은 VocalTractLab으로 미리 계산했어요. 같은 소리를 내는 혀 모양은 여러 가지라 단면의 혀는 한 가지 예시예요.	ㅗ·ㅜ는 입술 둥글림도 함께 올려야 제 소리가 나요. 소리 내기 버튼의 소리는 공명(F1·F2)만 흉내 낸 간단한 합성음이에요. 단면 그림과 합성음은 VocalTractLab으로 미리 계산했어요. 같은 소리를 내는 혀 모양은 여러 가지라, 그림의 혀는 한 가지 예시예요.	keep	뜻 같음. '소리 내기 버튼의 소리는 간단한 합성음'과 '합성음은 VocalTractLab으로 미리 계산'이 겹쳐 읽히는 점은 원문부터 있던 모호함	
E26	proposals[36]	frontend/src/components/GuideModal.jsx:184	입모양 교실에서 내 입모양을 목표와 비교해 점수와 교정 문구를 바로 보여 주고, 아바타가 내 입을 따라 해요. 영상은 기기 밖으로 나가지 않아요.	입모양 교실에서 내 입모양을 목표와 비교해 점수와 맞추는 방법을 바로 보여 줘요. 아바타도 내 입을 따라 해요. 영상은 기기 밖으로 나가지 않아요.	keep	뜻 같고 더 쉬움(문장 나눔·쉬운 말)	
E27	proposals[37]	frontend/src/components/GuideModal.jsx:132	3·4단계 아바타 아래에서 재생 속도를 바꾸고 투명 두상, 측면 보기, 성도 단면을 켜요. 측면 보기에서는 입술을 내밀고 모으는 움직임이 잘 보여요.	3·4단계 아바타 아래에서 재생 속도를 바꿔요. 투명 두상, 측면 보기, 성도 단면(옆에서 자른 입 안 그림)도 켜요. 측면 보기에서는 입술을 내밀고 모으는 움직임이 잘 보여요.	keep	뜻 같고 더 쉬움(문장 나눔·쉬운 말)	
E28	proposals[38]	frontend/src/components/GuideModal.jsx:186	단어 단계를 숙달하면 엔드리스 단어를 1.25배, 1.6배, 2배(문장 낭독의 음절 속도에 가까움)로 봐요. 가장 빠른 속도에서 최근 12문항 중 10개를 맞히면 다음 속도예요. 복습은 숙달한 단계만 1.25배예요.	단어 단계를 숙달하면 엔드리스 단어를 1.25배, 1.6배, 2배 속도로 봐요. 2배는 문장을 소리 내 읽는 빠르기에 가까워요. 가장 빠른 속도에서 최근 12문항 중 10개를 맞히면 다음 속도예요. 복습은 숙달한 단계만 1.25배예요.	keep	뜻 같고 더 쉬움(문장 나눔·쉬운 말)	
E29	proposals[39]	frontend/src/components/GuideModal.jsx:127	틀리면 어느 소리를 무엇으로 읽었는지, 원래 같은 입모양 짝인지 알려 주고 뜻은 수어로도 봐요. 입 옆 기호는 바람이 거센소리, 채운 마름모가 된소리, 물결이 콧소리이고 숙달할수록 흐려져요.	틀리면 어느 소리를 무엇으로 읽었는지, 원래 같은 입모양 짝인지 알려 줘요. 뜻은 수어로도 봐요. 입 옆 기호는 바람이 거센소리, 채운 마름모가 된소리, 물결이 콧소리예요. 숙달할수록 기호가 흐려져요.	keep	뜻 같고 더 쉬움(문장 나눔·쉬운 말)	
E30	proposals[40]	frontend/src/components/GuideModal.jsx:221	전체 통계 아래 링크로 들어가요. 입모양 유형별 점수와 자주 헷갈린 짝을 보여 주고, 원래 같은 입모양인 짝은 따로 표시해요.	전체 통계 아래 링크로 들어가요. 입모양 종류별 점수와 자주 헷갈린 짝을 보여 줘요. 원래 같은 입모양인 짝은 따로 표시해요.	keep	뜻 같고 더 쉬움(문장 나눔·쉬운 말)	
E31	proposals[41]	frontend/src/pages/EvalReport.jsx:185	5. 웹캠 조음 교정	5. 웹캠 입모양 연습	keep	뜻 같고 더 쉬움(문장 나눔·쉬운 말)	
E32	proposals[43]	frontend/src/components/GuideModal.jsx:88	단계마다 정한 횟수 이상 풀고 최근 정답률이 기준을 넘으면 숙달이에요. 문장은 60점, 대화는 55점 이상을 맞힌 것으로 세요. 숙달하면 다음 단계가 열리고, 한 번 숙달한 단계는 다시 잠기지 않아요.	단계마다 정한 횟수 이상 풀고 최근 정답률이 기준을 넘으면 숙달이에요. 문장은 60점, 대화는 55점 이상이면 맞힌 것으로 세요. 숙달하면 다음 단계가 열려요. 한 번 숙달한 단계는 다시 잠기지 않아요.	keep	뜻 같고 더 쉬움(문장 나눔·쉬운 말)	
E33	proposals[44]	frontend/src/components/guide/GuideMockups.jsx:922	단어 독화 오답 예시. 고른 보기는 빨강, 정답 보기는 초록 테두리, 아래 빨간 결과 바에 정답이 나온다.	단어 독화 오답 예시. 고른 보기는 빨강, 정답 보기는 초록 테두리. 아래 빨간 결과 바에 정답이 나온다.	keep	뜻 같고 더 쉬움(문장 나눔·쉬운 말)	
E34	proposals[45]	frontend/src/pages/EvalReport.jsx:424	입을 벌린 정도·입술 오므림·입술 닫힘을 목표와 비교한 평균 차이(0~100)입니다. 혀처럼 밖에서 안 보이는 / 조음은 포함되지 않아요. 영상은 기기 밖으로 나가지 않고 요약 수치만 저장됩니다.	입을 벌린 정도, 입술 오므림, 입술 닫힘을 목표와 비교한 평균 차이(0~100)예요. 혀처럼 밖에서 안 보이는 움직임은 들어가지 않아요. 영상은 기기 밖으로 나가지 않고, 요약 수치만 저장돼요.	keep	뜻 같음. 다만 '입술 오므림'이 다른 화면의 '입술 둥글림'과 용어가 다름(통일 권장)	
E35	proposals[46]	frontend/src/components/WebcamMouthCheck.jsx:379	입술 기하 지표 (좌표 기반·양안거리 정규화)	입술 모양 수치 (두 눈 사이 거리로 크기를 맞춘 값)	keep	뜻 같고 더 쉬움(문장 나눔·쉬운 말)	
E36	proposals[47]	frontend/src/pages/VisemeLiteracy.jsx:294	최소대립쌍 예시 — 같아 보이는(●) / 다르게 보이는(○) 쌍	한 소리만 다른 단어 짝 — 같아 보이는(●) / 다르게 보이는(○) 짝	keep	뜻 같고 더 쉬움(문장 나눔·쉬운 말)	
E37	proposals[48]	backend/speak_curriculum.py:127	아바타의 입 모양을 따라 모음마다 입 벌림(아는 크게, 이·우·으는 작게)과 입술 모양(오·우는 동그랗게, 이·으는 옆으로)을 또렷하게 바꿔 보세요. 오/우, 어/으처럼 입 모양이 비슷한 짝은 턱을 벌리는 정도(오·어가 더 크게)로 구별해요.	아바타의 입 모양을 따라 해 보세요. 아는 크게, 이·우·으는 작게 벌려요. 오·우는 동그랗게, 이·으는 옆으로 당겨요. 오/우, 어/으처럼 입 모양이 비슷한 짝은 턱을 벌리는 정도로 구별해요(오·어가 더 크게).	keep	뜻 같고 더 쉬움(문장 나눔·쉬운 말)	
E38	proposals[49]	frontend/src/components/GuideModal.jsx:76	자가진단을 건너뛰면 1단계부터 시작해요. 프로필의 자가진단 다시 하기로 언제든 받을 수 있어요.	자가진단을 건너뛰면 1단계부터 시작해요. 프로필의 '자가진단 다시 하기'로 언제든 다시 볼 수 있어요.	fix	'자가진단을 받다(다시 하다)'가 '다시 볼 수 있어요'로 바뀌어 결과를 다시 본다는 뜻으로도 읽힘	자가진단을 건너뛰면 1단계부터 시작해요. 프로필의 '자가진단 다시 하기'로 언제든 다시 할 수 있어요.
E39	proposals[50]	frontend/src/components/GuideModal.jsx:179	문장을 입력하면 한국수어 어순으로 옮기고 단어마다 국립국어원 수어 영상을 보여줘요. 사전에 없는 말은 지문자로 보여요. 공식 통역은 아니에요.	문장을 입력하면 한국수어 순서로 바꾸고, 단어마다 국립국어원 수어 영상을 보여 줘요. 사전에 없는 말은 지문자(손가락 글자)로 보여요. 공식 통역은 아니에요.	fix	'어순'(낱말 순서)을 '순서'로 줄여 무엇의 순서인지 흐려짐	문장을 입력하면 한국수어의 낱말 순서로 바꾸고, 단어마다 국립국어원 수어 영상을 보여 줘요. (뒤 그대로)
E40	proposals[52]	backend/speak_curriculum.py:135	입술소리부터 · 최소대립쌍 · 마찰음	입술소리부터 · 한 소리만 다른 단어 짝 · ㅅ·ㅎ 소리	keep	마찰음(ㅅ·ㅆ·ㅎ)을 'ㅅ·ㅎ 소리'로 풀어 뜻 유지	
E41	proposals[55]	frontend/src/components/GuideModal.jsx:155	입술소리부터 13개 소리를 최소대립쌍으로 연습해요. 불/풀, 달/탈처럼 입모양이 같은 짝은 숨의 세기가 달라요. 거센소리는 손바닥을 입 앞에 대고 바람이 세게 닿게 내 보세요. 사·자·차·하처럼 입 안이나 목에서 나는 소리도 연습해요.	입술소리부터 13개 소리를 한 소리만 다른 단어 짝으로 연습해요. 불/풀, 달/탈처럼 입모양이 같은 짝은 숨의 세기가 달라요. 거센소리는 손바닥을 입 앞에 대고, 바람이 세게 닿게 내 보세요. 사·자·차·하처럼 입 안이나 목에서 나는 소리도 연습해요.	keep	뜻 같고 더 쉬움(문장 나눔·쉬운 말)	
E42	proposals[56]	frontend/src/components/guide/GuideMockups.jsx:920	단어 독화 문항 예시. 왼쪽 위에 화자 이름이 붙은 입모양 영상을 보고 보기를 고른 뒤 확인을 누르면 초록 결과 바에 정답이에요가 나온다.	단어 독화 문항 예시. 왼쪽 위에 화자 이름이 붙은 입모양 영상이 있다. 보기를 고르고 확인을 누르면 초록 결과 바에 '정답이에요'가 나온다.	keep	뜻 같고 더 쉬움(문장 나눔·쉬운 말)	
E43	proposals[57]	frontend/src/pages/EvalReport.jsx:260	훈련 전에 사전(A), 훈련 뒤에 사후(B)를 한 번씩 보면 향상도를 비교해요. 각 24문항, 5분 안팎.	훈련 전에 사전 검사(A), 훈련 뒤에 사후 검사(B)를 한 번씩 보면 얼마나 늘었는지 비교해요. 각 24문항, 5분쯤 걸려요.	keep	뜻 같고 더 쉬움(문장 나눔·쉬운 말)	
E44	proposals[59]	frontend/src/pages/ProfilePage.jsx:241	안내받은 참여 코드를 입력해 주세요. 학습 기록은 이름·이메일 없이 가명으로만 연구에 쓰여요.	안내받은 참여 코드를 입력해 주세요. 학습 기록은 이름과 이메일 없이, 가짜 이름(가명)으로만 연구에 쓰여요.	fix	가장 중요. '가명'(가명 처리)을 '가짜 이름'으로 풀어 사실과 어긋남(실제로는 이름이 아니라 HMAC으로 만든 번호 pid, pilot-data-spec 3절). 연구 참여 화면이라 '가짜'라는 말도 신뢰를 떨어뜨림. 연구윤리 담당 확인 필요	안내받은 참여 코드를 입력해 주세요. 학습 기록은 이름과 이메일을 빼고, 이름 대신 붙인 번호(가명)로만 연구에 쓰여요.
E45	proposals[60]	backend/curriculum.py:155	최소대립쌍으로 단어 독화	한 소리만 다른 단어 짝으로 단어 독화	keep	뜻 같고 더 쉬움(문장 나눔·쉬운 말)	
E46	proposals[61]	frontend/src/pages/ProfilePage.jsx:354	파일럿에 참여 중이라 사전·사후 검사 기록은 남아요. 참여를 그만두거나 자료 삭제를 원하면 연구진에게 알려 주세요.	파일럿 연구에 참여 중이라 사전·사후 검사 기록은 남아요. 참여를 그만두거나 자료를 지우고 싶으면 연구진에게 알려 주세요.	keep	뜻 같고 더 쉬움(문장 나눔·쉬운 말)	
E47	proposals[64]	frontend/src/pages/EvalReport.jsx:402	교정 세션 ○회 · 0에 가까울수록 목표 입모양	입모양 연습 ○회 · 0에 가까울수록 목표 입모양	keep	뜻 같고 더 쉬움(문장 나눔·쉬운 말)	
E48	proposals[65]	backend/curriculum.py:93	치경음과 겉모습이 비슷해 헷갈린다. 살짝 내미는 느낌이 유일한 힌트.	잇몸소리(ㄷ·ㄴ)와 겉모습이 비슷해 헷갈린다. 입술을 살짝 내미는 느낌이 유일한 힌트.	keep	'잇몸소리(ㄷ·ㄴ)'와 '입술을 살짝 내미는'은 같은 항목의 look 설명과 맞음(코드 확인)	
E49	proposals[67]	frontend/src/components/LipSyncPlayer3D.jsx:356	측면 성도 단면으로 혀·입술·턱 조음 보기	옆에서 자른 입 안 그림으로 혀·입술·턱 움직임 보기	keep	뜻 같고 더 쉬움(문장 나눔·쉬운 말)	
E50	proposals[69]	frontend/src/pages/VisemeLiteracy.jsx:113	측면 성도 단면으로 혀·입술·턱 조음 보기	옆에서 자른 입 안 그림으로 혀·입술·턱 움직임 보기	keep	뜻 같고 더 쉬움(문장 나눔·쉬운 말)	
E51	proposals[70]	backend/curriculum.py:63	조음이 입 안쪽이라 ㄷ·ㄴ·ㄹ·ㅅ… 서로 거의 구별 불가. 문맥으로 판단.	혀가 입 안쪽에서 움직여 ㄷ·ㄴ·ㄹ·ㅅ… 서로 거의 구별할 수 없다. 문맥으로 판단.	keep	뜻 같고 더 쉬움(문장 나눔·쉬운 말)	
E52	proposals[71]	frontend/src/components/CueBadges.jsx:137	아직 약한 음소에만 기호를 남깁니다(개인 학습기록 기반).	아직 약한 소리에만 기호를 남겨요(내 학습 기록에 따라).	keep	뜻 같고 더 쉬움(문장 나눔·쉬운 말)	
E53	proposals[72]	frontend/src/pages/WordStage.jsx:399	보기는 모두 입모양이 비슷해서 눈만으로는 가르기 어려워요. 앞뒤 말의 흐름으로 고르는 연습이에요. / 이 문항은 단어 단계 숙달에는 들어가지 않아요.	보기는 모두 입모양이 비슷해서 눈만으로는 고르기 어려워요. 앞뒤 말의 흐름으로 고르는 연습이에요. 이 문항은 단어 단계 숙달에는 들어가지 않아요.	keep	'가르기'→'고르기'로 뜻이 약간 바뀌나(구별→선택) 문맥상 같음	
E54	proposals[73]	frontend/src/components/GuideModal.jsx:122	입모양이 계속 반복돼요. 사람마다 입 움직임이 달라서 왼쪽 위 화자 1~4가 레슨마다 바뀌고, 다섯 레슨에 한 번은 기본 화자예요. 대화·복습도 같아요.	입모양이 계속 반복돼요. 사람마다 입 움직임이 달라서 왼쪽 위 화자 1~4가 레슨마다 바뀌어요. 다섯 레슨에 한 번은 기본 화자예요. 대화·복습도 같아요.	keep	뜻 같고 더 쉬움(문장 나눔·쉬운 말)	
E55	proposals[75]	frontend/src/pages/AnalysisDetail.jsx:16	독화는 푼 문항 전체의 정확도, 말하기는 발화 평균 점수를 비교합니다.	독화는 푼 문제 전체의 정확도, 말하기는 평균 발음 점수를 비교해요.	keep	뜻 같고 더 쉬움(문장 나눔·쉬운 말)	
E56	proposals[76]	frontend/src/pages/EndlessPractice.jsx:42	숙달도가 낮은 음소가 계속 출제돼요. 원할 때 멈출 수 있어요.	숙달도가 낮은 소리가 자주 나와요. 원할 때 멈출 수 있어요.	keep	'계속 출제' → '자주 나와요'는 실제 동작에 더 가까움	
E57	proposals[77]	frontend/src/components/GuideModal.jsx:97	넓은 화면(가로 1280px 이상)에서 오른쪽에 보여요. 오늘의 과제, 다시 풀 오답 수(틀린 문장·말하기 포함), 북마크 수를 보여줘요. 과제 탭에서는 레벨 진행, 복습 탭에서는 이번 주에 학습한 날로 바뀌어요.	넓은 화면(가로 1280px 이상)에서 오른쪽에 보여요. 오늘의 과제, 다시 풀 오답 수(틀린 문장·말하기 포함), 북마크 수를 보여 줘요. 과제 탭에서는 레벨 진행으로 바뀌어요. 복습 탭에서는 이번 주에 학습한 날로 바뀌어요.	keep	뜻 같고 더 쉬움(문장 나눔·쉬운 말)	
E58	proposals[79]	frontend/src/config/tracks.js:44	내 발음을 눈으로 보며 다듬는 훈련이에요. 마이크로 녹음하면 AI가 전사·채점하고 코칭해줘요.	내 발음을 눈으로 보며 다듬는 훈련이에요. 마이크로 녹음하면 AI가 글로 옮기고 점수를 매겨 코칭해 줘요.	keep	뜻 같고 더 쉬움(문장 나눔·쉬운 말)	
E59	proposals[92]	frontend/src/pages/SpeakingPractice.jsx:-	음소별 발음 정확도	소리별 발음 정확도	keep	뜻 같고 더 쉬움(문장 나눔·쉬운 말)	
E60	proposals[93]	frontend/src/components/QuizForm.jsx:-	음소별 정확도	소리별 정확도	keep	뜻 같고 더 쉬움(문장 나눔·쉬운 말)	
E61	proposals[94]	frontend/src/pages/EvalReport.jsx:-	교정 세션 기록이 없습니다.	입모양 연습 기록이 없습니다.	keep	뜻 같고 더 쉬움(문장 나눔·쉬운 말)	
E62	proposals[95]	frontend/src/pages/EvalReport.jsx:-	공개 표준 독화 자원 (축 C)	공개 표준 독화 자원	keep	뜻 같고 더 쉬움(문장 나눔·쉬운 말)	
E63	proposals[96]	frontend/src/pages/EvalReport.jsx:-	음소별 오류 변화 (사전→사후)	소리별 오류 변화 (사전→사후)	keep	뜻 같고 더 쉬움(문장 나눔·쉬운 말)	
E64	proposals[97]	frontend/src/components/WebcamMouthCheck.jsx:-	내 조음(성도 추정)	내 입 안 모양(추정)	keep	뜻 같고 더 쉬움(문장 나눔·쉬운 말)	
E65	proposals[98]	frontend/src/components/WebcamMouthCheck.jsx:-	목표 조음	목표 입 안 모양	keep	뜻 같고 더 쉬움(문장 나눔·쉬운 말)	
E66	proposals[99]	frontend/src/components/WebcamMouthCheck.jsx:-	안 보이는 조음 — ○	밖에서 안 보이는 혀 움직임 — ○	fix	'안 보이는 조음'을 '혀 움직임'으로 좁힘. 실제 안내문에는 '목(성문)에서 바람을'(ㅎ)처럼 혀가 아닌 것도 나옴	밖에서 안 보이는 혀·목 움직임 — ○
E67	proposals[100]	frontend/src/components/WebcamMouthCheck.jsx:-	조음이 목표에 가까워요	입모양이 목표에 가까워요	keep	이 문구가 붙는 판정은 입 벌림·둥글림·닫힘(겉모습)이라 '입모양'이 정확함(코드 확인)	
E68	proposals[101]	frontend/src/components/WebcamMouthCheck.jsx:-	개구 · 원순 · 폐쇄	입 벌림 · 입술 둥글림 · 입술 닫힘	keep	뜻 같고 더 쉬움(문장 나눔·쉬운 말)	
E69	proposals[102]	frontend/src/pages/VisemeLiteracy.jsx:-	밖에서 안 보이는 혀·조음 — ○	밖에서 안 보이는 혀 움직임 — ○	fix	66과 같음. 원문 '혀·조음'을 '혀 움직임'으로 좁힘	밖에서 안 보이는 혀·목 움직임 — ○
E70	proposals[103]	frontend/src/components/VocalTract.jsx:-	양순 폐쇄·원순·혀끝(치경)·혀뒤(연구개)·경구개·개방·중설·성문·전설	입술 닫힘·입술 둥글게·혀끝(잇몸)·혀뒤(여린입천장)·센입천장·입 크게·입 조금·목청·입 옆으로	fix	'중설' → '입 조금'은 무엇을 조금 하는지 빠짐. lib/visemeLabels는 '입 조금 벌림'	…·입 크게·입 조금 벌림·목청·입 옆으로 (중설 자리만)
E71	proposals[104]	frontend/src/components/CueBadges.jsx:-	표적 음소 집중	약한 소리만 표시	keep	같은 컴포넌트 설명('아직 약한 소리에만 기호를 남겨요')과 맞음	
E72	proposals[105]	frontend/src/pages/EndlessPractice.jsx:-	입모양 무리 이름 10개: 양순음·개방모음·전설모음·원순모음·중설모음·치경음·연구개음·성문음·이중모음·경구개음	1단계 보기와 같은 쉬운 이름: 입술 닫힘 (바·마)·입 크게 벌림 (아)·입 옆으로 당김 (이)·입술 둥글게 (오·우)·… (lib/visemeLabels)	keep	뜻 같고 더 쉬움(문장 나눔·쉬운 말)	
E73	proposals[106]	frontend/src/pages/Placement.jsx:-	입모양 무리 이름 10개: 양순음·개방모음·전설모음·원순모음·중설모음·치경음·연구개음·성문음·이중모음·경구개음	1단계 보기와 같은 쉬운 이름: 입술 닫힘 (바·마)·입 크게 벌림 (아)·입 옆으로 당김 (이)·입술 둥글게 (오·우)·… (lib/visemeLabels)	keep	뜻 같고 더 쉬움(문장 나눔·쉬운 말)	
E74	proposals[107]	frontend/src/pages/Placement.jsx:-	자주 놓친 소리(음소)	자주 놓친 소리	keep	뜻 같고 더 쉬움(문장 나눔·쉬운 말)	
E75	proposals[108]	frontend/src/components/MouthCalibration.jsx:-	「○」 입모양 — 양순음(무리 이름)	「○」 입모양 — 입술 닫힘(쉬운 이름)	keep	뜻 같고 더 쉬움(문장 나눔·쉬운 말)	
E76	proposals[109]	frontend/src/config/speakingNavigation.js:-	입술소리부터 · 최소대립쌍	입술소리부터 · 한 소리만 다른 단어 짝	keep	뜻 같고 더 쉬움(문장 나눔·쉬운 말)	
E77	proposals[110]	backend/speak_curriculum.py:-	같은 자리에서 나는 소리(예: 불/풀, 달/탈)는 입 모양이 같고 숨의 세기가 달라요. 거센소리(ㅍ·ㅌ·ㅋ·ㅊ)는 손바닥을 입 앞에 대고 바람이 세게 닿게 내 보세요. ㅅ은 혀끝을 윗잇몸 가까이 두고 좁은 틈으로 바람을 길게, ㅈ은 혀끝으로 막았다가 살짝 떼며, ㅎ은 목에서 숨을 내쉬듯 내요.	같은 자리에서 나는 소리(예: 불/풀, 달/탈)는 입 모양이 같고 숨의 세기가 달라요. 거센소리(ㅍ·ㅌ·ㅋ·ㅊ)는 손바닥을 입 앞에 대고, 바람이 세게 닿게 내 보세요. ㅅ은 혀끝을 윗잇몸 가까이 두고 좁은 틈으로 바람을 길게 내요. ㅈ은 혀끝으로 막았다가 살짝 떼며 내요. ㅎ은 목에서 숨을 내쉬듯 내요.	keep	뜻 같고 더 쉬움(문장 나눔·쉬운 말)	
E78	proposals[111]	backend/curriculum.py:-	ㅎ은 겉으로 표시가 약하다. 종종 뒤 모음의 입모양에 묻힌다.	ㅎ은 겉으로 잘 드러나지 않는다. 뒤 모음의 입모양에 묻힐 때가 많다.	keep	뜻 같고 더 쉬움(문장 나눔·쉬운 말)	
E79	proposals[112]	backend/curriculum.py:-	ㅂ↔ㅁ 양순음. 입술 닫힘이 똑같아 구별 불가.	ㅂ↔ㅁ 입술소리. 입술 닫힘이 똑같아 구별할 수 없다.	keep	뜻 같고 더 쉬움(문장 나눔·쉬운 말)	
E80	proposals[113]	backend/curriculum.py:-	ㅂ↔ㅍ 양순음. 숨의 세기만 달라 입모양이 같다.	ㅂ↔ㅍ 입술소리. 숨의 세기만 달라 입모양이 같다.	keep	뜻 같고 더 쉬움(문장 나눔·쉬운 말)	
E81	proposals[114]	backend/curriculum.py:-	ㄷ↔ㅌ 치경음. 입 안쪽이라 겉모습 동일.	ㄷ↔ㅌ 잇몸소리. 입 안쪽이라 겉모습이 같다.	keep	뜻 같고 더 쉬움(문장 나눔·쉬운 말)	
E82	proposals[115]	backend/curriculum.py:-	ㅁ↔ㅂ 양순음.	ㅁ↔ㅂ 입술소리.	keep	뜻 같고 더 쉬움(문장 나눔·쉬운 말)	
E83	proposals[116]	backend/curriculum.py:-	ㅈ↔ㅊ 경구개음.	ㅈ↔ㅊ 센입천장소리.	keep	뜻 같고 더 쉬움(문장 나눔·쉬운 말)	
E84	proposals[117]	backend/articulation.py:-	혀 뒤를 입천장 안쪽(연구개)에 붙입니다. ㄱ·ㄲ·ㅋ은 떼면서 터뜨리고(ㅋ은 숨을 세게), 받침 ㅇ은 붙인 채 코로 울립니다. 첫소리 ㅇ은 소리가 없어 모음부터 냅니다.	혀 뒤를 입천장 안쪽(여린입천장)에 붙입니다. ㄱ·ㄲ·ㅋ은 떼면서 터뜨립니다(ㅋ은 숨을 세게). 받침 ㅇ은 붙인 채 코로 울립니다. 첫소리 ㅇ은 소리가 없어 모음부터 냅니다.	keep	뜻 같고 더 쉬움(문장 나눔·쉬운 말)	
E85	proposals[118]	backend/articulation.py:-	혓바닥 앞쪽을 센입천장(경구개) 앞에 붙였다 떼며 바람을 스치듯 냅니다. ㅊ은 숨을 세게, ㅉ은 목에 힘을 주고 짧고 단단하게 냅니다.	혓바닥 앞쪽을 센입천장 앞에 붙였다 떼며 바람을 스치듯 냅니다. ㅊ은 숨을 세게 냅니다. ㅉ은 목에 힘을 주고 짧고 단단하게 냅니다.	keep	뜻 같고 더 쉬움(문장 나눔·쉬운 말)	
E86	proposals[119]	backend/articulation.py:-	두 입술을 붙입니다(양순).	두 입술을 붙입니다.	keep	뜻 같고 더 쉬움(문장 나눔·쉬운 말)	
E87	proposals[120]	backend/articulation.py:-	혀끝을 윗잇몸에 댑니다(치경).	혀끝을 윗잇몸에 댑니다.	keep	뜻 같고 더 쉬움(문장 나눔·쉬운 말)	
E88	proposals[121]	backend/articulation.py:-	혀 뒤를 연구개에 붙입니다.	혀 뒤를 입천장 안쪽에 붙입니다.	keep	뜻 같고 더 쉬움(문장 나눔·쉬운 말)	
