id	group	word	verdict	reason	fix
ns01	학습	허벱	keep	실단어·이름·상표·속어·불쾌한 소리로 읽히지 않음	
ns01	학습	저멩	keep	실단어·이름·상표·속어·불쾌한 소리로 읽히지 않음	
ns01	학습	커센	keep	실단어·이름·상표·속어·불쾌한 소리로 읽히지 않음	
ns01	학습	머뎅	keep	실단어·이름·상표·속어·불쾌한 소리로 읽히지 않음	
ns01	학습	퍼켈	keep	실단어·이름·상표·속어·불쾌한 소리로 읽히지 않음	
ns01	학습	더첸	keep	실단어·이름·상표·속어·불쾌한 소리로 읽히지 않음	
ns02	학습	노납	keep	사전에 '노납(老衲)'이 있으나 매우 드묾	
ns02	학습	토강	keep	실단어·이름·상표·속어·불쾌한 소리로 읽히지 않음	
ns02	학습	고탁	keep	실단어·이름·상표·속어·불쾌한 소리로 읽히지 않음	
ns02	학습	조란	keep	사전에 '조란(棗卵, 대추 과자)'이 있으나 매우 드묾. 성+이름처럼도 읽힘	
ns02	학습	로반	keep	실단어·이름·상표·속어·불쾌한 소리로 읽히지 않음	
ns02	학습	포작	keep	사전에 '포작(鮑作)'이 있으나 매우 드묾	
ns03	학습	시츱	keep	실단어·이름·상표·속어·불쾌한 소리로 읽히지 않음	
ns03	학습	치흔	keep	'치흔(齒痕)'은 전문어라 매우 드묾	
ns03	학습	히승	keep	실단어·이름·상표·속어·불쾌한 소리로 읽히지 않음	
ns03	학습	피믐	keep	실단어·이름·상표·속어·불쾌한 소리로 읽히지 않음	
ns03	학습	디븐	keep	실단어·이름·상표·속어·불쾌한 소리로 읽히지 않음	
ns03	학습	기큭	keep	실단어·이름·상표·속어·불쾌한 소리로 읽히지 않음	
ns04	학습	라님	keep	실단어·이름·상표·속어·불쾌한 소리로 읽히지 않음	
ns04	학습	파릴	keep	실단어·이름·상표·속어·불쾌한 소리로 읽히지 않음	
ns04	학습	나힉	keep	실단어·이름·상표·속어·불쾌한 소리로 읽히지 않음	
ns04	학습	타빈	keep	실단어·이름·상표·속어·불쾌한 소리로 읽히지 않음	
ns04	학습	가팅	keep	실단어·이름·상표·속어·불쾌한 소리로 읽히지 않음	
ns04	학습	카핌	keep	실단어·이름·상표·속어·불쾌한 소리로 읽히지 않음	
ns05	학습	체믐	keep	실단어·이름·상표·속어·불쾌한 소리로 읽히지 않음	
ns05	학습	세슥	keep	실단어·이름·상표·속어·불쾌한 소리로 읽히지 않음	
ns05	학습	제즐	keep	실단어·이름·상표·속어·불쾌한 소리로 읽히지 않음	
ns05	학습	데츱	keep	실단어·이름·상표·속어·불쾌한 소리로 읽히지 않음	
ns05	학습	메든	keep	실단어·이름·상표·속어·불쾌한 소리로 읽히지 않음	
ns05	학습	게급	drop	'계급'은 표준 발음에서 [게급]도 허용(ㄱ 뒤 ㅖ→ㅔ). 소리 내면 실제 낱말	생성기 제외 목록에 추가 후 다시 생성(학습 목록이라 시드 결과가 바뀔 수 있음)
ns06	학습	호를	keep	실단어·이름·상표·속어·불쾌한 소리로 읽히지 않음	
ns06	학습	코븜	keep	실단어·이름·상표·속어·불쾌한 소리로 읽히지 않음	
ns06	학습	노늑	keep	실단어·이름·상표·속어·불쾌한 소리로 읽히지 않음	
ns06	학습	보흥	keep	실단어·이름·상표·속어·불쾌한 소리로 읽히지 않음	
ns06	학습	로큼	keep	실단어·이름·상표·속어·불쾌한 소리로 읽히지 않음	
ns06	학습	토즐	keep	실단어·이름·상표·속어·불쾌한 소리로 읽히지 않음	
ns07	학습	소텝	keep	실단어·이름·상표·속어·불쾌한 소리로 읽히지 않음	
ns07	학습	초뎅	fix	ㅣ·ㅔ가 같은 입모양 무리라 속어 '초딩'(제외 목록에 있음)과 입모양이 같고 소리도 가까움	사람 판단. 바꾸려면 제외 목록에 추가 후 다시 생성
ns07	학습	모첼	keep	실단어·이름·상표·속어·불쾌한 소리로 읽히지 않음	
ns07	학습	포멩	keep	실단어·이름·상표·속어·불쾌한 소리로 읽히지 않음	
ns07	학습	도펜	keep	실단어·이름·상표·속어·불쾌한 소리로 읽히지 않음	
ns07	학습	토젝	keep	실단어·이름·상표·속어·불쾌한 소리로 읽히지 않음	
ns08	학습	루립	keep	실단어·이름·상표·속어·불쾌한 소리로 읽히지 않음	
ns08	학습	수킨	keep	국내에서 팔리는 화장품 상표(Sukin)와 같은 표기. 널리 알려지진 않음	
ns08	학습	누빅	keep	실단어·이름·상표·속어·불쾌한 소리로 읽히지 않음	
ns08	학습	구힐	keep	실단어·이름·상표·속어·불쾌한 소리로 읽히지 않음	
ns08	학습	부김	keep	실단어·이름·상표·속어·불쾌한 소리로 읽히지 않음	
ns08	학습	쿠닝	keep	실단어·이름·상표·속어·불쾌한 소리로 읽히지 않음	
NA01	남겨 둔 목록 1(폼 A)	처슴	keep	실단어·이름·상표·속어·불쾌한 소리로 읽히지 않음	
NA02	남겨 둔 목록 1(폼 A)	브헉	keep	인터넷 흉내말 '브헉'(놀람)으로 쓰이기도 함. 불쾌하지 않음	
NA03	남겨 둔 목록 1(폼 A)	누칭	keep	실단어·이름·상표·속어·불쾌한 소리로 읽히지 않음	
NA04	남겨 둔 목록 1(폼 A)	포젤	keep	실단어·이름·상표·속어·불쾌한 소리로 읽히지 않음	
NA05	남겨 둔 목록 1(폼 A)	리군	keep	'리 군'(이 군)처럼 읽힐 여지가 조금 있음	
NA06	남겨 둔 목록 1(폼 A)	메캅	keep	실단어·이름·상표·속어·불쾌한 소리로 읽히지 않음	
NA07	남겨 둔 목록 1(폼 A)	흐펌	keep	실단어·이름·상표·속어·불쾌한 소리로 읽히지 않음	
NA08	남겨 둔 목록 1(폼 A)	크북	keep	실단어·이름·상표·속어·불쾌한 소리로 읽히지 않음	
NA09	남겨 둔 목록 1(폼 A)	기릉	keep	실단어·이름·상표·속어·불쾌한 소리로 읽히지 않음	
NA10	남겨 둔 목록 1(폼 A)	드톨	keep	실단어·이름·상표·속어·불쾌한 소리로 읽히지 않음	
NA11	남겨 둔 목록 1(폼 A)	트돈	keep	실단어·이름·상표·속어·불쾌한 소리로 읽히지 않음	
NA12	남겨 둔 목록 1(폼 A)	소늡	keep	실단어·이름·상표·속어·불쾌한 소리로 읽히지 않음	
NA13	남겨 둔 목록 1(폼 A)	주뭄	keep	실단어·이름·상표·속어·불쾌한 소리로 읽히지 않음	
NA14	남겨 둔 목록 1(폼 A)	차헥	keep	빨리 말하면 ㅎ이 약해지고 ㅐ·ㅔ가 합쳐져 '차액'에 가까워짐. 또박또박 읽으면 구별됨	
NA15	남겨 둔 목록 1(폼 A)	바충	keep	실단어·이름·상표·속어·불쾌한 소리로 읽히지 않음	
NA16	남겨 둔 목록 1(폼 A)	네즐	keep	실단어·이름·상표·속어·불쾌한 소리로 읽히지 않음	
NB01	남겨 둔 목록 2(폼 B)	저겔	keep	실단어·이름·상표·속어·불쾌한 소리로 읽히지 않음	
NB02	남겨 둔 목록 2(폼 B)	파덱	keep	실단어·이름·상표·속어·불쾌한 소리로 읽히지 않음	
NB03	남겨 둔 목록 2(폼 B)	체림	drop	ㅐ·ㅔ 소리가 합쳐져 '채림'(널리 알려진 배우 이름)과 같은 소리	NONSENSE_EXTRA_EXCLUDED 또는 MANUAL_EXCLUDED에 추가 후 남겨 둔 목록 다시 생성
NB04	남겨 둔 목록 2(폼 B)	로촙	keep	실단어·이름·상표·속어·불쾌한 소리로 읽히지 않음	
NB05	남겨 둔 목록 2(폼 B)	사킹	keep	실단어·이름·상표·속어·불쾌한 소리로 읽히지 않음	
NB06	남겨 둔 목록 2(폼 B)	부펠	keep	실단어·이름·상표·속어·불쾌한 소리로 읽히지 않음	
NB07	남겨 둔 목록 2(폼 B)	디박	keep	실단어·이름·상표·속어·불쾌한 소리로 읽히지 않음	
NB08	남겨 둔 목록 2(폼 B)	헤힘	keep	실단어·이름·상표·속어·불쾌한 소리로 읽히지 않음	
NB09	남겨 둔 목록 2(폼 B)	타몹	keep	실단어·이름·상표·속어·불쾌한 소리로 읽히지 않음	
NB10	남겨 둔 목록 2(폼 B)	네텐	keep	실단어·이름·상표·속어·불쾌한 소리로 읽히지 않음	
NB11	남겨 둔 목록 2(폼 B)	므눙	keep	실단어·이름·상표·속어·불쾌한 소리로 읽히지 않음	
NB12	남겨 둔 목록 2(폼 B)	거졸	keep	실단어·이름·상표·속어·불쾌한 소리로 읽히지 않음	
NB13	남겨 둔 목록 2(폼 B)	조독	keep	실단어·이름·상표·속어·불쾌한 소리로 읽히지 않음	
NB14	남겨 둔 목록 2(폼 B)	포롬	keep	실단어·이름·상표·속어·불쾌한 소리로 읽히지 않음	
NB15	남겨 둔 목록 2(폼 B)	초찹	keep	실단어·이름·상표·속어·불쾌한 소리로 읽히지 않음	
NB16	남겨 둔 목록 2(폼 B)	리선	keep	사람 이름 '이선'의 북한식 표기처럼 읽힐 여지가 조금 있음	
NC01	폼 C(세 번째 남겨 둔 목록)	조슨	keep	실단어·이름·상표·속어·불쾌한 소리로 읽히지 않음	
NC02	폼 C(세 번째 남겨 둔 목록)	느걱	keep	실단어·이름·상표·속어·불쾌한 소리로 읽히지 않음	
NC03	폼 C(세 번째 남겨 둔 목록)	체듭	keep	실단어·이름·상표·속어·불쾌한 소리로 읽히지 않음	
NC04	폼 C(세 번째 남겨 둔 목록)	도핌	keep	실단어·이름·상표·속어·불쾌한 소리로 읽히지 않음	
NC05	폼 C(세 번째 남겨 둔 목록)	부킬	keep	실단어·이름·상표·속어·불쾌한 소리로 읽히지 않음	
NC06	폼 C(세 번째 남겨 둔 목록)	크탕	keep	실단어·이름·상표·속어·불쾌한 소리로 읽히지 않음	
NC07	폼 C(세 번째 남겨 둔 목록)	투눈	keep	실단어·이름·상표·속어·불쾌한 소리로 읽히지 않음	
NC08	폼 C(세 번째 남겨 둔 목록)	므직	keep	실단어·이름·상표·속어·불쾌한 소리로 읽히지 않음	
NC09	폼 C(세 번째 남겨 둔 목록)	허참	drop	'허 참'은 흔한 감탄사이고 널리 알려진 방송인 이름. wordfreq 목록에서 빠져 걸러지지 않음	NONSENSE_EXTRA_EXCLUDED에 추가 후 폼 C 다시 생성
NC10	폼 C(세 번째 남겨 둔 목록)	고빌	keep	실단어·이름·상표·속어·불쾌한 소리로 읽히지 않음	
NC11	폼 C(세 번째 남겨 둔 목록)	스홍	keep	실단어·이름·상표·속어·불쾌한 소리로 읽히지 않음	
NC12	폼 C(세 번째 남겨 둔 목록)	파민	keep	실단어·이름·상표·속어·불쾌한 소리로 읽히지 않음	
NC13	폼 C(세 번째 남겨 둔 목록)	자겍	drop	ㅐ·ㅔ 소리가 합쳐져 '자객'(실제 낱말)과 같은 소리	NONSENSE_EXTRA_EXCLUDED에 추가 후 폼 C 다시 생성
NC14	폼 C(세 번째 남겨 둔 목록)	니듭	keep	실단어·이름·상표·속어·불쾌한 소리로 읽히지 않음	
NC15	폼 C(세 번째 남겨 둔 목록)	체펨	keep	실단어·이름·상표·속어·불쾌한 소리로 읽히지 않음	
NC16	폼 C(세 번째 남겨 둔 목록)	디킬	keep	실단어·이름·상표·속어·불쾌한 소리로 읽히지 않음	
