id	form	text	syllables	phonemes	visual_difficulty	difficulty_tag	verdict	reason	fix
SA01	A	감기에 걸렸어요	7	14	0.231	매우 쉬움(관용 표현)	keep	자연스러운 일상 문장, 6~10음절, 고유 명사 없음, 훈련 문장과 겹치지 않음	
SA02	A	많이 기다렸지요	7	14	0.292	매우 쉬움(관용 표현)	fix	대화 문장 '많이 기다렸어?'(conversation_scenario 병원 대기실)와 낱말이 같음. 관용 표현이라 매우 쉬움	새 문장: 새 옷을 입어 봤어요 (8음절·14음소, 검사 낱말·훈련 문장 점검 통과)
SA03	A	시계가 멈췄어요	7	14	0.206	매우 어려움(드문 낱말·예측 어려움)	keep	자연스러운 일상 문장, 6~10음절, 고유 명사 없음, 훈련 문장과 겹치지 않음	
SA04	A	무슨 일이 있었어요	8	14	0.285		keep	자연스러운 일상 문장, 6~10음절, 고유 명사 없음, 훈련 문장과 겹치지 않음	
SA05	A	물이 너무 뜨거워요	8	14	0.404		keep	문맥 문항 '솥뚜껑이 너무 뜨거워.'와 '너무 뜨거워'만 겹침(가벼움)	
SA06	A	눈이 펑펑 내려요	7	15	0.411		keep	자연스러운 일상 문장, 6~10음절, 고유 명사 없음, 훈련 문장과 겹치지 않음	
SA07	A	선물을 받았어요	7	15	0.219		keep	자연스러운 일상 문장, 6~10음절, 고유 명사 없음, 훈련 문장과 겹치지 않음	
SA08	A	매일 걸어서 다녀요	8	15	0.278		keep	자연스러운 일상 문장, 6~10음절, 고유 명사 없음, 훈련 문장과 겹치지 않음	
SA09	A	머리가 조금 아파요	8	15	0.208		drop	상황 기본 문장 '머리가 아파요.'(llm_service 병원)에 '조금'만 더한 꼴. 폼 C의 SC08 '다리가 조금 아파요'와도 틀이 같음	SR03 시험을 잘 봤어요 (7·15)
SA10	A	창밖이 시끄러워요	8	15	0.215	매우 어려움(드문 낱말·예측 어려움)	keep	자연스러운 일상 문장, 6~10음절, 고유 명사 없음, 훈련 문장과 겹치지 않음	
SA11	A	잘 먹겠습니다	6	16	0.376	매우 쉬움(관용 표현)	keep	6음절, 관용 인사라 매우 쉬움. 다른 문장과 달리 합쇼체	
SA12	A	글씨가 너무 작아요	8	16	0.298		keep	같은 폼 SA17 '옷이 너무 작아졌어요'와 '너무 작아'가 겹침(가벼움)	
SA13	A	꽃이 활짝 피었어요	8	16	0.303		keep	자연스러운 일상 문장, 6~10음절, 고유 명사 없음, 훈련 문장과 겹치지 않음	
SA14	A	사진을 보내 주세요	8	16	0.277		keep	자연스러운 일상 문장, 6~10음절, 고유 명사 없음, 훈련 문장과 겹치지 않음	
SA15	A	열쇠를 찾고 있어요	8	16	0.347	매우 어려움(드문 낱말·예측 어려움)	keep	자연스러운 일상 문장, 6~10음절, 고유 명사 없음, 훈련 문장과 겹치지 않음	
SA16	A	여기 앉아도 괜찮아요	9	16	0.266		keep	자연스러운 일상 문장, 6~10음절, 고유 명사 없음, 훈련 문장과 겹치지 않음	
SA17	A	옷이 너무 작아졌어요	9	16	0.329		keep	자연스러운 일상 문장, 6~10음절, 고유 명사 없음, 훈련 문장과 겹치지 않음	
SA18	A	생선을 좋아하나요	8	17	0.237		keep	자연스러운 일상 문장, 6~10음절, 고유 명사 없음, 훈련 문장과 겹치지 않음	
SA19	A	소리가 잘 안 들려요	8	17	0.37		keep	자연스러운 일상 문장, 6~10음절, 고유 명사 없음, 훈련 문장과 겹치지 않음	
SA20	A	고기를 구워 먹었어요	9	17	0.343		keep	자연스러운 일상 문장, 6~10음절, 고유 명사 없음, 훈련 문장과 겹치지 않음	
SA21	A	그림을 그리고 있어요	9	17	0.312		keep	자연스러운 일상 문장, 6~10음절, 고유 명사 없음, 훈련 문장과 겹치지 않음	
SA22	A	아빠가 차를 고쳤어요	9	17	0.354		keep	자연스러운 일상 문장, 6~10음절, 고유 명사 없음, 훈련 문장과 겹치지 않음	
SA23	A	아침을 거르지 마세요	9	17	0.238		keep	자연스러운 일상 문장, 6~10음절, 고유 명사 없음, 훈련 문장과 겹치지 않음	
SA24	A	공을 멀리 던졌어요	8	18	0.413		keep	자연스러운 일상 문장, 6~10음절, 고유 명사 없음, 훈련 문장과 겹치지 않음	
SA25	A	기차가 곧 출발해요	8	18	0.442		keep	자연스러운 일상 문장, 6~10음절, 고유 명사 없음, 훈련 문장과 겹치지 않음	
SA26	A	냉장고에 넣어 두세요	9	18	0.281		keep	자연스러운 일상 문장, 6~10음절, 고유 명사 없음, 훈련 문장과 겹치지 않음	
SA27	A	노래를 부르고 싶어요	9	18	0.215		keep	자연스러운 일상 문장, 6~10음절, 고유 명사 없음, 훈련 문장과 겹치지 않음	
SA28	A	어제 늦게 잠들었어요	9	18	0.281		keep	자연스러운 일상 문장, 6~10음절, 고유 명사 없음, 훈련 문장과 겹치지 않음	
SA29	A	엄마랑 시장에 갔어요	9	18	0.282		drop	서빙 중인 문맥 문항 48번 '엄마랑 시장에 가서 채소를 샀어.'와 앞부분이 같음	SR11 표를 미리 사 두었어요 (9·17)
SA30	A	내일 다시 연락할게요	9	19	0.361		keep	자연스러운 일상 문장, 6~10음절, 고유 명사 없음, 훈련 문장과 겹치지 않음	
SA31	A	늦어서 정말 미안해요	9	19	0.238	매우 쉬움(관용 표현)	keep	자연스러운 일상 문장, 6~10음절, 고유 명사 없음, 훈련 문장과 겹치지 않음	
SA32	A	거울을 깨끗이 닦았어요	10	19	0.265		keep	자연스러운 일상 문장, 6~10음절, 고유 명사 없음, 훈련 문장과 겹치지 않음	
SA33	A	바다에 놀러 가고 싶어요	10	19	0.272		keep	자연스러운 일상 문장, 6~10음절, 고유 명사 없음, 훈련 문장과 겹치지 않음	
SA34	A	머리를 짧게 잘랐어요	9	20	0.272		keep	자연스러운 일상 문장, 6~10음절, 고유 명사 없음, 훈련 문장과 겹치지 않음	
SA35	A	설거지는 제가 할게요	9	20	0.3		keep	자연스러운 일상 문장, 6~10음절, 고유 명사 없음, 훈련 문장과 겹치지 않음	
SA36	A	저도 그렇게 생각해요	9	20	0.275	매우 쉬움(관용 표현)	keep	자연스러운 일상 문장, 6~10음절, 고유 명사 없음, 훈련 문장과 겹치지 않음	
SA37	A	내일 아침에 일찍 만나요	10	20	0.203		fix	3단계 대체 문장 '내일 아침 아홉 시에 만나요.'와 틀이 같음	새 문장: 이번 주는 정말 바빠요 (9·20, 점검 통과)
SA38	A	현관 앞에 상자가 있어요	10	20	0.286	매우 어려움(드문 낱말·예측 어려움)	keep	자연스러운 일상 문장, 6~10음절, 고유 명사 없음, 훈련 문장과 겹치지 않음	
SA39	A	동생이 감기에 걸렸어요	10	21	0.264		drop	같은 폼 SA01 '감기에 걸렸어요'를 그대로 품음. 한 회차에 둘 다 보면 뒤 문항이 쉬워짐	SR12 저녁에 산책할까요 (8·18)
SA40	A	별이 반짝반짝 빛나요	9	22	0.239		keep	자연스러운 일상 문장, 6~10음절, 고유 명사 없음, 훈련 문장과 겹치지 않음	
SB01	B	같이 사진 찍어요	7	14	0.362		keep	자연스러운 일상 문장, 6~10음절, 고유 명사 없음, 훈련 문장과 겹치지 않음	
SB02	B	만나서 반가워요	7	14	0.194	매우 쉬움(관용 표현)	keep	자연스러운 일상 문장, 6~10음절, 고유 명사 없음, 훈련 문장과 겹치지 않음	
SB03	B	책을 빌려 왔어요	7	14	0.32		keep	자연스러운 일상 문장, 6~10음절, 고유 명사 없음, 훈련 문장과 겹치지 않음	
SB04	B	기분이 아주 좋아요	8	14	0.166		keep	자연스러운 일상 문장, 6~10음절, 고유 명사 없음, 훈련 문장과 겹치지 않음	
SB05	B	화장실이 어디예요	8	14	0.212	매우 쉬움(관용 표현)	keep	관용 질문이라 매우 쉬움. '어디에요'로 잘못 치기 쉬움(채점 허용 권장)	
SB06	B	금방 돌아올게요	7	15	0.204	매우 쉬움(관용 표현)	keep	자연스러운 일상 문장, 6~10음절, 고유 명사 없음, 훈련 문장과 겹치지 않음	
SB07	B	고양이가 잠을 자요	8	15	0.354		keep	자연스러운 일상 문장, 6~10음절, 고유 명사 없음, 훈련 문장과 겹치지 않음	
SB08	B	다음 주에 또 만나요	8	15	0.337		keep	자연스러운 일상 문장, 6~10음절, 고유 명사 없음, 훈련 문장과 겹치지 않음	
SB09	B	바람이 많이 불어요	8	15	0.265		keep	자연스러운 일상 문장, 6~10음절, 고유 명사 없음, 훈련 문장과 겹치지 않음	
SB10	B	집에 손님이 왔어요	8	15	0.282		keep	자연스러운 일상 문장, 6~10음절, 고유 명사 없음, 훈련 문장과 겹치지 않음	
SB11	B	내 말 잘 들리세요	7	16	0.507		fix	'내 말'(낮춤)과 '들리세요'(높임)가 어울리지 않음. 또 SA19·SB26과 '잘 들려' 틀이 겹침	제 말 잘 들리세요 (7·16, 음소 수 같음)
SB12	B	그 사람을 잘 알아요	8	16	0.351		keep	자연스러운 일상 문장, 6~10음절, 고유 명사 없음, 훈련 문장과 겹치지 않음	
SB13	B	맛있게 많이 드세요	8	16	0.252	매우 쉬움(관용 표현)	drop	대화 대체 문장 '맛있게 드세요.'(llm_service 식당·카페)에 '많이'만 더한 꼴	SR07 화분에 물을 줬어요 (8·16)
SB14	B	사전을 찾아봤어요	8	16	0.237	매우 어려움(드문 낱말·예측 어려움)	keep	자연스러운 일상 문장, 6~10음절, 고유 명사 없음, 훈련 문장과 겹치지 않음	
SB15	B	우산을 챙겨 가세요	8	16	0.282		fix	3단계 대체 문장 '비가 올 것 같으니까 우산을 꼭 챙겨 가세요.'와 문맥 문항 90번 '우산을 챙겨'와 겹침	새 문장: 반찬이 정말 많아요 (8·18, 점검 통과)
SB16	B	병원에 가 봐야겠어요	9	16	0.398		keep	자연스러운 일상 문장, 6~10음절, 고유 명사 없음, 훈련 문장과 겹치지 않음	
SB17	B	왜 그렇게 웃고 있어요	9	16	0.313		keep	자연스러운 일상 문장, 6~10음절, 고유 명사 없음, 훈련 문장과 겹치지 않음	
SB18	B	비가 그칠 것 같아요	8	17	0.384		keep	문맥 문항 85번 '곧 비가 올 것 같아.'와 '비가 … 것 같아'가 겹침(가벼움)	
SB19	B	신발을 새로 샀어요	8	17	0.344		keep	자연스러운 일상 문장, 6~10음절, 고유 명사 없음, 훈련 문장과 겹치지 않음	
SB20	B	축구를 하러 나가요	8	17	0.297		keep	자연스러운 일상 문장, 6~10음절, 고유 명사 없음, 훈련 문장과 겹치지 않음	
SB21	B	길을 잃어서 헤맸어요	9	17	0.281		keep	문맥 문항 71번 '길을 잘 몰라서 헤맸어.'와 '길·헤맸'이 겹침(경계, 사람 판단)	
SB22	B	아기가 방긋 웃었어요	9	17	0.256	매우 어려움(드문 낱말·예측 어려움)	keep	자연스러운 일상 문장, 6~10음절, 고유 명사 없음, 훈련 문장과 겹치지 않음	
SB23	B	안경을 잃어버렸어요	9	17	0.243	매우 어려움(드문 낱말·예측 어려움)	keep	자연스러운 일상 문장, 6~10음절, 고유 명사 없음, 훈련 문장과 겹치지 않음	
SB24	B	해가 벌써 지고 있어요	9	17	0.276		keep	자연스러운 일상 문장, 6~10음절, 고유 명사 없음, 훈련 문장과 겹치지 않음	
SB25	B	문자를 보내 줄게요	8	18	0.279		keep	자연스러운 일상 문장, 6~10음절, 고유 명사 없음, 훈련 문장과 겹치지 않음	
SB26	B	전화가 잘 안 들려요	8	18	0.398		fix	폼 A SA19 '소리가 잘 안 들려요'와 '잘 안 들려요'가 같아 폼끼리 미리 익히는 효과	새 문장: 운동화 끈이 풀렸어요 (9·19, 점검 통과)
SB27	B	방이 생각보다 추워요	9	18	0.342		keep	자연스러운 일상 문장, 6~10음절, 고유 명사 없음, 훈련 문장과 겹치지 않음	
SB28	B	수업이 일찍 끝났어요	9	18	0.239		keep	자연스러운 일상 문장, 6~10음절, 고유 명사 없음, 훈련 문장과 겹치지 않음	
SB29	B	자전거를 타고 왔어요	9	18	0.319		keep	자연스러운 일상 문장, 6~10음절, 고유 명사 없음, 훈련 문장과 겹치지 않음	
SB30	B	일이 아직 많이 남았어요	10	18	0.251		keep	자연스러운 일상 문장, 6~10음절, 고유 명사 없음, 훈련 문장과 겹치지 않음	
SB31	B	동생과 같이 놀았어요	9	19	0.392		keep	자연스러운 일상 문장, 6~10음절, 고유 명사 없음, 훈련 문장과 겹치지 않음	
SB32	B	점심 먹으러 같이 가요	9	19	0.352		keep	자연스러운 일상 문장, 6~10음절, 고유 명사 없음, 훈련 문장과 겹치지 않음	
SB33	B	주말에 산에 올라갔어요	10	19	0.361		keep	문맥 문항 83번 '주말마다 아빠랑 산에 올라가.'와 '주말·산에 올라가'가 겹침(경계, 사람 판단)	
SB34	B	국이 조금 짠 것 같아요	9	20	0.455		keep	자연스러운 일상 문장, 6~10음절, 고유 명사 없음, 훈련 문장과 겹치지 않음	
SB35	B	시간이 정말 빨리 가요	9	20	0.296		keep	자연스러운 일상 문장, 6~10음절, 고유 명사 없음, 훈련 문장과 겹치지 않음	
SB36	B	잠깐만 기다려 주세요	9	20	0.216	매우 쉬움(관용 표현)	drop	대화 대체 문장 '잠시만 기다려 주세요.'와 한 낱말만 다름	SR06 모래성을 쌓았어요 (8·16)
SB37	B	방을 깨끗하게 치웠어요	10	20	0.377		keep	자연스러운 일상 문장, 6~10음절, 고유 명사 없음, 훈련 문장과 겹치지 않음	
SB38	B	학교 앞에서 기다릴게요	10	20	0.301		keep	자연스러운 일상 문장, 6~10음절, 고유 명사 없음, 훈련 문장과 겹치지 않음	
SB39	B	연필을 빌려줄 수 있어요	10	21	0.379		keep	자연스러운 일상 문장, 6~10음절, 고유 명사 없음, 훈련 문장과 겹치지 않음	
SB40	B	친구에게 편지를 썼어요	10	21	0.263		keep	자연스러운 일상 문장, 6~10음절, 고유 명사 없음, 훈련 문장과 겹치지 않음	
SC01	C	괜찮아질 거예요	7	14	0.244	매우 쉬움(관용 표현)	keep	'거에요'로 잘못 치기 쉬움(채점 허용 권장)	
SC02	C	길이 많이 막혀요	7	14	0.282		keep	자연스러운 일상 문장, 6~10음절, 고유 명사 없음, 훈련 문장과 겹치지 않음	
SC03	C	가을이 벌써 왔어요	8	14	0.246		keep	자연스러운 일상 문장, 6~10음절, 고유 명사 없음, 훈련 문장과 겹치지 않음	
SC04	C	겨울에는 눈이 와요	8	14	0.451		keep	자연스러운 일상 문장, 6~10음절, 고유 명사 없음, 훈련 문장과 겹치지 않음	
SC05	C	회의가 길어졌어요	8	14	0.253	매우 어려움(드문 낱말·예측 어려움)	keep	자연스러운 일상 문장, 6~10음절, 고유 명사 없음, 훈련 문장과 겹치지 않음	
SC06	C	걱정하지 마세요	7	15	0.28	매우 쉬움(관용 표현)	keep	자연스러운 일상 문장, 6~10음절, 고유 명사 없음, 훈련 문장과 겹치지 않음	
SC07	C	너무 피곤해 보여요	8	15	0.26		keep	문맥 문항 12번 '…피곤해 보여.'와 '피곤해 보여'가 겹침(경계)	
SC08	C	다리가 조금 아파요	8	15	0.328		keep	자연스러운 일상 문장, 6~10음절, 고유 명사 없음, 훈련 문장과 겹치지 않음	
SC09	C	아침에 운동을 해요	8	15	0.21		keep	자연스러운 일상 문장, 6~10음절, 고유 명사 없음, 훈련 문장과 겹치지 않음	
SC10	C	지갑을 두고 왔어요	8	15	0.28		keep	자연스러운 일상 문장, 6~10음절, 고유 명사 없음, 훈련 문장과 겹치지 않음	
SC11	C	편지를 써 볼게요	7	16	0.311		keep	자연스러운 일상 문장, 6~10음절, 고유 명사 없음, 훈련 문장과 겹치지 않음	
SC12	C	과일을 깎아 줄게요	8	16	0.255		keep	자연스러운 일상 문장, 6~10음절, 고유 명사 없음, 훈련 문장과 겹치지 않음	
SC13	C	모자를 쓰고 나가요	8	16	0.35		keep	자연스러운 일상 문장, 6~10음절, 고유 명사 없음, 훈련 문장과 겹치지 않음	
SC14	C	빨래를 널어야 해요	8	16	0.261		keep	자연스러운 일상 문장, 6~10음절, 고유 명사 없음, 훈련 문장과 겹치지 않음	
SC15	C	조심히 들어가세요	8	16	0.215	매우 쉬움(관용 표현)	drop	대화 대체 문장 '조심히 가세요.'(llm_service 버스·택시)와 거의 같음	SR05 줄넘기를 했어요 (7·16)
SC16	C	바둑을 배우고 있어요	9	16	0.225	매우 어려움(드문 낱말·예측 어려움)	keep	자연스러운 일상 문장, 6~10음절, 고유 명사 없음, 훈련 문장과 겹치지 않음	
SC17	C	그 노래 정말 좋아요	8	17	0.368		keep	자연스러운 일상 문장, 6~10음절, 고유 명사 없음, 훈련 문장과 겹치지 않음	
SC18	C	목도리가 따뜻해요	8	17	0.302	매우 어려움(드문 낱말·예측 어려움)	keep	자연스러운 일상 문장, 6~10음절, 고유 명사 없음, 훈련 문장과 겹치지 않음	
SC19	C	약을 먹고 푹 쉬세요	8	17	0.414		keep	자연스러운 일상 문장, 6~10음절, 고유 명사 없음, 훈련 문장과 겹치지 않음	
SC20	C	창문 좀 열어 주세요	8	17	0.4		drop	문맥 문항 1번 '더우니까 창문 좀 열어 줄래?'와 '창문 좀 열어'가 같음	SR09 오늘은 일찍 잘게요 (8·17)
SC21	C	김치가 아주 맛있어요	9	17	0.188		keep	자연스러운 일상 문장, 6~10음절, 고유 명사 없음, 훈련 문장과 겹치지 않음	
SC22	C	동생이 많이 울었어요	9	17	0.297		keep	자연스러운 일상 문장, 6~10음절, 고유 명사 없음, 훈련 문장과 겹치지 않음	
SC23	C	오늘은 쉬는 날이에요	9	17	0.413		keep	자연스러운 일상 문장, 6~10음절, 고유 명사 없음, 훈련 문장과 겹치지 않음	
SC24	C	조용히 해 주시겠어요	9	17	0.304		keep	자연스러운 일상 문장, 6~10음절, 고유 명사 없음, 훈련 문장과 겹치지 않음	
SC25	C	밥을 천천히 먹어요	8	18	0.383		fix	대화 문장 '천천히 먹어'(가족 저녁 식사)를 그대로 품음	새 문장: 주머니에 동전이 있어요 (10·18, 점검 통과)
SC26	C	숙제를 다 끝냈어요	8	18	0.358		keep	문맥 문항 45번 '숙제를 빨리 끝냈어.'와 '숙제·끝냈'이 겹침(경계)	
SC27	C	버섯을 볶아 먹었어요	9	18	0.271	매우 어려움(드문 낱말·예측 어려움)	keep	자연스러운 일상 문장, 6~10음절, 고유 명사 없음, 훈련 문장과 겹치지 않음	
SC28	C	손을 깨끗이 씻으세요	9	18	0.427		drop	문맥 문항 60번 '밥 먹기 전에 손을 깨끗이 씻어.'와 '손을 깨끗이 씻'이 같음	SR08 그건 잘 모르겠어요 (8·17)
SC29	C	옆자리에 앉아도 될까요	10	18	0.212		keep	자연스러운 일상 문장, 6~10음절, 고유 명사 없음, 훈련 문장과 겹치지 않음	
SC30	C	옆집 아저씨가 오셨어요	10	18	0.205		keep	자연스러운 일상 문장, 6~10음절, 고유 명사 없음, 훈련 문장과 겹치지 않음	
SC31	C	선생님께 여쭤봤어요	9	19	0.227	매우 어려움(드문 낱말·예측 어려움)	fix	'여쭤봤어요'는 '여쭈어봤어요'·'여쭤 봤어요' 등 표기가 여러 가지라 엄격 음소 채점에서 손해	선생님께 물어봤어요 (9·20)
SC32	C	장갑을 끼고 나가세요	9	19	0.229		keep	자연스러운 일상 문장, 6~10음절, 고유 명사 없음, 훈련 문장과 겹치지 않음	
SC33	C	지하철에 사람이 많아요	10	19	0.236		keep	자연스러운 일상 문장, 6~10음절, 고유 명사 없음, 훈련 문장과 겹치지 않음	
SC34	C	할머니 댁에 다녀왔어요	10	19	0.29		keep	자연스러운 일상 문장, 6~10음절, 고유 명사 없음, 훈련 문장과 겹치지 않음	
SC35	C	오늘 날씨가 참 좋네요	9	20	0.338	매우 쉬움(관용 표현)	drop	말하기 문장 '오늘 날씨가 좋아요.'(speak_curriculum)와 3단계 대체 문장 '오늘은 날씨가 정말 맑고 좋네요.'와 거의 같음	SR10 떡볶이가 너무 매워요 (9·17)
SC36	C	은행에 들렀다 갈게요	9	20	0.269	매우 어려움(드문 낱말·예측 어려움)	keep	자연스러운 일상 문장, 6~10음절, 고유 명사 없음, 훈련 문장과 겹치지 않음	
SC37	C	시장에서 사과를 샀어요	10	20	0.389		keep	문맥 문항 48번 '시장에 가서 채소를 샀어.'와 '시장·샀어'가 겹침(경계)	
SC38	C	엄마가 저녁을 차렸어요	10	20	0.238		keep	자연스러운 일상 문장, 6~10음절, 고유 명사 없음, 훈련 문장과 겹치지 않음	
SC39	C	열이 조금 있는 것 같아요	10	21	0.355		keep	자연스러운 일상 문장, 6~10음절, 고유 명사 없음, 훈련 문장과 겹치지 않음	
SC40	C	오늘 저녁은 뭐 먹을까요	10	21	0.353		keep	자연스러운 일상 문장, 6~10음절, 고유 명사 없음, 훈련 문장과 겹치지 않음	
SR01	예비	이불을 덮고 자요	7	14	0.382		keep	예비로 둠. 문맥 문항 5번 '이불을 머리끝까지 덮었어.'와 '이불·덮'이 겹쳐 교체용으로는 쓰지 않음	
SR02	예비	손이 너무 차가워요	8	14	0.403		keep	예비로 둠. 승인 문맥 문항 '손이 차가워서 주머니에 넣었어.'와 겹쳐 교체용으로는 쓰지 않음	
SR03	예비	시험을 잘 봤어요	7	15	0.33		keep	예비. SA09 자리 교체용으로 제안(훈련 문장 겹침 점검 통과)	
SR04	예비	밤에 잠이 잘 안 와요	8	15	0.4		keep	예비로 둠. 문맥 문항 123번 '밤에 잠이 안 와서 책을 읽었어.'와 겹쳐 교체용으로는 쓰지 않음	
SR05	예비	줄넘기를 했어요	7	16	0.277		keep	예비. SC15 자리 교체용으로 제안(훈련 문장 겹침 점검 통과)	
SR06	예비	모래성을 쌓았어요	8	16	0.212		keep	예비. SB36 자리 교체용으로 제안(훈련 문장 겹침 점검 통과)	
SR07	예비	화분에 물을 줬어요	8	16	0.386		keep	예비. SB13 자리 교체용으로 제안(훈련 문장 겹침 점검 통과)	
SR08	예비	그건 잘 모르겠어요	8	17	0.367		keep	예비. SC28 자리 교체용으로 제안(훈련 문장 겹침 점검 통과)	
SR09	예비	오늘은 일찍 잘게요	8	17	0.264		keep	예비. SC20 자리 교체용으로 제안(훈련 문장 겹침 점검 통과)	
SR10	예비	떡볶이가 너무 매워요	9	17	0.259		keep	예비. SC35 자리 교체용으로 제안(훈련 문장 겹침 점검 통과)	
SR11	예비	표를 미리 사 두었어요	9	17	0.305		keep	예비. SA29 자리 교체용으로 제안(훈련 문장 겹침 점검 통과). '두었어요'·'뒀어요' 표기가 둘이라 채점 허용 권장	
SR12	예비	저녁에 산책할까요	8	18	0.271		keep	예비. SA39 자리 교체용으로 제안(훈련 문장 겹침 점검 통과)	
