# 국립국어원 「한국어 학습용 어휘 목록」(2003, 5,965개) 등급표에서 낱말·품사·등급만 옮김(같은 형태의 동형어는 가장 쉬운 등급).
# 출처: 국립국어원 https://www.korean.go.kr/front/etcData/etcDataView.do?mn_id=46&etc_seq=71 (공공누리 제1유형, 출처 표시)
# 다시 만들기: python scripts/easy_korean_audit.py --build-vocab 한국어학습용어휘목록.xls (xlrd 필요)
word	pos	grade
가게	명	A
가격	명	B
가구	명	B
가까워지다	동	B
가까이	명	B
가까이	부	B
가깝다	형	A
가꾸다	동	B
가끔	부	A
가난	명	C
가난하다	형	B
가늘다	형	B
가능	명	C
가능성	명	B
가능하다	형	B
가능해지다	동	C
가다	동	A
가다	보	A
가득	부	B
가득하다	형	B
가득히	부	C
가라앉다	동	C
가려지다	동	C
가령	부	C
가로	명	B
가로등	명	C
가로막다	동	C
가로수	명	C
가루	명	B
가르다	동	C
가르치다	동	A
가르침	명	C
가리다	동	B
가리키다	동	B
가만	부	C
가만있다	동	C
가만히	부	B
가뭄	명	C
가방	명	A
가볍다	형	A
가사	명	C
가상	명	C
가수	명	A
가스	명	B
가슴	명	A
가슴속	명	B
가요	명	B
가운데	명	A
가위	명	B
가을	명	A
가이드	명	B
가입	명	C
가입자	명	C
가입하다	동	C
가장	명	C
가장	부	A
가정	명	B
가정교사	명	C
가져가다	동	B
가져다주다	동	B
가져오다	동	A
가족	명	A
가죽	명	B
가지	명	B
가지	의	B
가지다	동	A
가지다	보	A
가짜	명	B
가치	명	C
가치관	명	C
가톨릭	명	C
가하다	동	C
각	관	B
각각	명	B
각각	부	B
각국	명	B
각기	부	C
각오	명	C
각자	명	B
각자	부	B
각종	명	B
간	명	C
간	의	B
간격	명	C
간단하다	형	B
간단히	부	B
간부	명	C
간섭	명	C
간식	명	B
간신히	부	C
간장	명	B
간접	명	C
간접적	명	C
간판	명	C
간편하다	형	C
간호	명	C
간호사	명	A
간혹	부	C
갇히다	동	C
갈다	동	B
갈등	명	C
갈비	명	A
갈비탕	명	B
갈색	명	B
갈수록	부	C
갈아입다	동	B
갈아타다	동	B
갈증	명	C
감	명	B
감각	명	C
감기	명	A
감다	동	B
감독	명	C
감동	명	B
감동적	명	C
감사	명	A
감사하다	동	A
감사하다	형	A
감상	명	B
감상하다	동	B
감소	명	C
감소되다	동	C
감소하다	동	C
감수성	명	C
감싸다	동	C
감옥	명	C
감자	명	B
감정	명	B
감정적	명	C
감추다	동	C
감히	부	C
갑	명	C
갑자기	부	A
갑작스럽다	형	C
값	명	A
값싸다	형	C
강	명	A
강남	명	C
강당	명	B
강도	명	B
강력하다	형	C
강력히	부	C
강렬하다	형	C
강물	명	B
강변	명	C
강북	명	C
강사	명	C
강수량	명	C
강아지	명	B
강요하다	동	C
강원도	고	B
강의	명	C
강의하다	동	C
강제	명	B
강조	명	C
강조하다	동	B
강하다	형	B
강화하다	동	C
갖가지	명	C
갖다	동	B
갖다	보	B
갖추다	동	C
같다	형	A
같이	부	A
같이하다	동	C
갚다	동	C
개	명	A
개	의	A
개개인	명	C
개구리	명	B
개국	의	C
개나리	명	B
개다	동	C
개미	명	C
개발되다	동	C
개발하다	동	B
개방	명	C
개방되다	동	C
개방하다	동	C
개별	명	C
개선	명	C
개선되다	동	C
개선하다	동	C
개성	명	C
개월	의	A
개인	명	B
개인적	명	B
객관적	명	C
걔	불	B
거	대	A
거	의	A
거기	대	A
거꾸로	부	C
거대하다	형	C
거두다	동	C
거들다	동	C
거듭	부	C
거리	명	A
거리	의	B
거부하다	동	C
거실	명	B
거액	명	C
거울	명	A
거의	부	B
거절하다	동	C
거짓	명	B
거짓말	명	B
거치다	동	C
거칠다	형	C
거품	명	C
걱정	명	A
걱정되다	동	B
걱정스럽다	형	B
걱정하다	동	A
건	의	C
건강	명	A
건강하다	형	A
건너	명	C
건너가다	동	B
건너다	동	B
건너오다	동	B
건너편	명	B
건넌방	명	C
건네다	동	C
건네주다	동	C
건드리다	동	C
건물	명	A
건설	명	C
건설되다	동	C
건설하다	동	C
건전하다	형	C
건조	명	C
건조하다	형	C
건지다	동	B
건축	명	B
걷기	명	C
걷다	동	A
걸다	동	A
걸리다	동	B
걸어가다	동	A
걸어오다	동	A
걸음	명	B
걸치다	동	C
검다	형	B
검사	명	B
검은색	명	A
검정색	명	B
검토	명	C
겁	명	B
겁나다	동	C
것	의	A
겉	명	B
게	명	C
게다가	부	B
게시판	명	C
게으르다	형	C
게임	명	A
겨우	부	B
겨울	명	A
겨울철	명	B
겨자	명	C
겪다	동	C
견디다	동	B
견해	명	C
결과	명	B
결과적	명	C
결국	명	B
결론	명	C
결석	명	C
결석하다	동	C
결승	명	C
결심	명	C
결심하다	동	B
결정	명	B
결정되다	동	B
결정하다	동	B
결코	부	C
결혼	명	A
결혼식	명	A
결혼하다	동	A
경계	명	C
경고	명	C
경고하다	동	C
경기	명	B
경기도	고	B
경기장	명	B
경력	명	C
경복궁	고	A
경비	명	C
경상도	고	B
경영	명	B
경영하다	동	C
경우	명	B
경쟁	명	C
경쟁력	명	C
경제	명	B
경제력	명	C
경제적	명	B
경제학	명	C
경주	고	A
경찰	명	A
경찰관	명	A
경찰서	명	A
경치	명	A
경향	명	C
경험	명	B
경험하다	동	B
곁	명	B
계곡	명	C
계단	명	B
계란	명	A
계산	명	B
계산기	명	B
계산하다	동	B
계속	부	A
계속되다	동	B
계속하다	동	B
계시다	동	A
계시다	보	A
계약	명	B
계절	명	A
계좌	명	C
계층	명	C
계획	명	A
계획하다	동	B
고개	명	B
고객	명	B
고교	명	B
고구려	고	C
고구마	명	B
고궁	명	C
고급	명	B
고급스럽다	형	C
고기	명	A
고등학교	명	A
고등학생	명	A
고려	고	C
고려하다	동	B
고르다	동	B
고르다	형	B
고맙다	형	A
고모	명	B
고모부	명	B
고무신	명	C
고민	명	B
고민하다	동	B
고생	명	B
고생하다	동	B
고소하다	형	C
고속	명	B
고속도로	명	B
고속버스	명	B
고양이	명	A
고요하다	형	C
고작	부	C
고장	명	B
고전	명	C
고집	명	C
고집하다	동	C
고추	명	B
고추장	명	B
고춧가루	명	B
고치다	동	B
고통	명	B
고통스럽다	형	C
고프다	형	A
고함	명	C
고향	명	A
곡	명	C
곡식	명	C
곤란하다	형	C
곧	부	A
곧다	형	C
곧바로	부	B
곧이어	부	C
곧잘	부	C
곧장	부	C
골	명	C
골고루	부	C
골목	명	B
골목길	명	B
골짜기	명	C
골치	명	C
골프	명	B
골프장	명	B
곰	명	B
곱다	형	B
곳	명	A
곳곳	명	B
공	명	A
공간	명	B
공개	명	C
공개하다	동	C
공격	명	C
공격하다	동	C
공공	명	C
공군	명	C
공급	명	C
공기	명	B
공동	명	B
공무원	명	B
공부	명	A
공부하다	동	A
공사	명	B
공식	명	C
공식적	명	C
공업	명	C
공연	명	B
공연되다	동	C
공연장	명	C
공연하다	동	C
공연히	부	C
공원	명	A
공장	명	B
공주	명	C
공중	명	C
공중전화	명	A
공짜	명	B
공책	명	A
공통	명	C
공통되다	동	C
공통적	명	C
공통점	명	C
공포	명	C
공항	명	A
공항버스	명	B
공해	명	C
공휴일	명	A
과	명	A
과거	명	B
과목	명	B
과연	부	C
과외	명	C
과일	명	A
과자	명	A
과장	명	B
과정	명	C
과제	명	B
과학	명	B
과학자	명	B
과학적	명	B
관객	명	B
관계	명	B
관계되다	동	C
관계없이	부	C
관계자	명	C
관광	명	B
관광객	명	B
관광버스	명	C
관광지	명	B
관념	명	C
관람	명	C
관람객	명	C
관련	명	B
관련되다	동	B
관련하다	동	B
관리	명	B
관리하다	동	C
관습	명	C
관심	명	B
관심사	명	C
관점	명	C
관찰	명	C
관찰하다	동	B
관하다	동	B
광경	명	C
광고	명	B
광장	명	C
광주	고	B
괜찮다	형	A
괜히	부	B
괴로움	명	C
괴로워하다	동	C
괴롭다	형	B
괴롭히다	동	C
굉장하다	형	C
굉장히	부	B
교과서	명	A
교내	명	C
교대	명	C
교류	명	B
교문	명	B
교복	명	C
교사	명	C
교수	명	A
교시	의	C
교실	명	A
교양	명	C
교외	명	C
교육	명	B
교육비	명	C
교육자	명	C
교장	명	C
교재	명	C
교직	명	C
교체	명	C
교통	명	A
교통사고	명	B
교포	명	B
교환	명	B
교환하다	동	C
교회	명	A
교훈	명	C
구	명	C
구	수	A
구경	명	A
구경하다	동	B
구두	명	A
구르다	동	C
구름	명	A
구멍	명	B
구별	명	C
구별되다	동	C
구별하다	동	C
구분	명	C
구분되다	동	C
구분하다	동	C
구석	명	C
구석구석	명	C
구성	명	C
구성되다	동	C
구성하다	동	C
구속	명	C
구속되다	동	C
구속하다	동	C
구십	수	A
구역	명	C
구월	명	A
구입	명	C
구입하다	동	C
구조	명	C
구청	명	C
구체적	명	B
구하다	동	B
국	명	B
국가	명	B
국가적	명	C
국기	명	B
국내	명	B
국내선	명	C
국내외	명	C
국립	명	B
국물	명	B
국민	명	B
국민적	명	C
국사	명	C
국산	명	C
국수	명	B
국어	명	B
국왕	명	C
국적	명	C
국제	명	B
국제선	명	C
국제적	명	C
국제화	명	C
국회	명	C
국회의원	명	B
군	명	B
군	의	B
군대	명	B
군데	의	B
군사	명	C
군인	명	A
굳다	형	C
굳어지다	동	C
굳이	부	B
굳히다	동	C
굵다	형	B
굶다	동	C
굽다	동	B
굽히다	동	C
궁극적	명	C
궁금하다	형	B
권	의	A
권리	명	C
권위	명	C
권투	명	B
권하다	동	B
귀	명	A
귀가	명	C
귀가하다	동	C
귀국	명	B
귀국하다	동	B
귀신	명	C
귀엽다	형	B
귀중하다	형	C
귀찮다	형	C
귀하다	형	C
귓속	명	C
규모	명	C
규정	명	C
규칙	명	B
규칙적	명	B
균형	명	C
귤	명	C
그	감	A
그	관	A
그	대	A
그간	명	C
그거	대	A
그것	대	A
그곳	대	A
그나마	부	C
그날	명	A
그냥	부	B
그녀	대	C
그놈	대	C
그늘	명	B
그다음	명	B
그다지	부	B
그대	대	C
그대로	부	B
그동안	명	A
그때	명	A
그때그때	부	C
그래	감	A
그래	불	A
그래도	불	B
그래서	부	A
그래서	불	A
그래야	불	C
그래픽	명	C
그램	의	B
그러나	부	A
그러니까	부	A
그러다	동	C
그러면	부	A
그러므로	부	B
그러하다	형	B
그런	관	B
그런대로	부	C
그런데	부	A
그럴듯하다	형	C
그럼	감	A
그럼	부	A
그렇게	불	B
그렇다	형	A
그렇지	감	B
그렇지만	부	A
그려지다	동	B
그루	의	C
그룹	명	B
그릇	명	A
그리	부	B
그리고	부	A
그리다	동	A
그리로	부	C
그리움	명	C
그리워하다	동	C
그리하여	부	C
그림	명	A
그림자	명	B
그립다	형	B
그만	부	B
그만두다	동	B
그만큼	부	B
그만하다	형	B
그분	대	A
그사이	명	C
그야말로	부	C
그이	대	C
그저	부	C
그저께	명	C
그전	명	C
그제서야	부	C
그제야	부	C
그중	명	B
그쪽	대	A
그치다	동	B
그토록	부	C
그해	명	B
극	명	C
극복	명	C
극복하다	동	C
극작가	명	C
극장	명	A
극히	부	C
근거	명	C
근거하다	동	C
근교	명	C
근데	부	B
근래	명	C
근로	명	C
근로자	명	B
근무	명	B
근무하다	동	B
근본	명	C
근본적	명	C
근원	명	C
근육	명	C
근처	명	A
글	명	B
글쎄	감	B
글쎄요	감	B
글쓰기	명	B
글씨	명	B
글자	명	B
긁다	동	C
금	명	B
금강산	고	C
금고	명	C
금년	명	B
금메달	명	C
금방	부	B
금세	부	C
금액	명	C
금연	명	B
금요일	명	A
금지	명	B
금지되다	동	C
금지하다	동	B
금하다	동	C
급	명	A
급격히	부	C
급속히	부	C
급증하다	동	C
급하다	형	B
급히	부	C
긋다	동	C
긍정적	명	B
기	명	C
기간	명	B
기계	명	B
기관	명	C
기구	명	C
기기	명	C
기념	명	C
기념일	명	C
기념품	명	C
기념하다	동	C
기능	명	C
기다	동	C
기다리다	동	A
기대	명	B
기대다	동	C
기대되다	동	C
기대하다	동	B
기도	명	B
기도하다	동	C
기독교	명	C
기둥	명	C
기록	명	C
기록되다	동	C
기록하다	동	B
기르다	동	B
기름	명	B
기막히다	형	C
기법	명	C
기본	명	B
기본적	명	C
기분	명	A
기뻐하다	동	B
기쁘다	형	B
기쁨	명	B
기사	명	B
기성	명	C
기성세대	명	C
기숙사	명	A
기술	명	B
기술자	명	C
기술하다	동	C
기억	명	B
기억나다	동	B
기억되다	동	C
기억하다	동	B
기업	명	C
기업인	명	C
기여	명	C
기여하다	동	C
기온	명	B
기운	명	B
기울다	동	C
기울이다	동	C
기원	명	C
기원전	명	C
기자	명	B
기적	명	C
기준	명	B
기차	명	A
기초	명	B
기초적	명	C
기초하다	동	C
기침	명	B
기타	명	B
기호	명	C
기혼	명	C
기회	명	B
기획	명	C
기후	명	C
긴급	명	C
긴장	명	B
긴장감	명	C
긴장되다	동	C
긴장하다	동	B
길	명	A
길가	명	B
길거리	명	B
길다	형	A
길어지다	동	C
길이	명	B
김	명	B
김	의	C
김밥	명	A
김치	명	A
김치찌개	명	B
김포공항	고	B
깊다	형	B
깊숙이	부	C
깊이	명	B
깊이	부	B
까다	동	C
까닭	명	B
까만색	명	B
까맣다	형	B
까먹다	동	C
까치	명	C
깍두기	명	C
깎다	동	A
깔끔하다	형	C
깔다	동	C
깔리다	동	C
깜빡	부	B
깜짝	부	B
깡패	명	C
깨끗이	부	B
깨끗하다	형	A
깨끗해지다	동	C
깨다	동	B
깨닫다	동	C
깨달음	명	C
깨뜨리다	동	C
깨소금	명	C
깨어나다	동	C
깨어지다	동	C
깨우다	동	C
깨지다	동	B
꺼내다	동	B
꺼지다	동	B
꺾다	동	C
껌	명	B
껍질	명	B
꼬리	명	C
꼬마	명	C
꼭	부	A
꼭대기	명	B
꼴	명	C
꼼꼼하다	형	C
꼼짝	부	C
꼽히다	동	C
꽂다	동	C
꽃	명	A
꽃씨	명	C
꽃잎	명	B
꽉	부	C
꽤	부	B
꾸다	동	B
꾸리다	동	C
꾸미다	동	B
꾸준하다	형	C
꾸준히	부	B
꾸중	명	C
꿀	명	B
꿈	명	A
꿈꾸다	동	B
꿈속	명	B
끄다	동	A
끄덕이다	동	B
끈	명	C
끊기다	동	C
끊다	동	B
끊어지다	동	B
끊임없다	형	C
끊임없이	부	C
끌다	동	B
끌리다	동	C
끌어당기다	동	C
끓다	동	B
끓이다	동	B
끝	명	A
끝나다	동	A
끝내	부	B
끝내다	동	A
끝없다	형	C
끝없이	부	C
끼	명	C
끼다	동	B
끼어들다	동	C
끼우다	동	C
나	대	A
나가다	동	A
나가다	보	A
나누다	동	B
나누어지다	동	C
나뉘다	동	C
나다	동	A
나다	보	B
나들이	명	C
나라	명	A
나란히	부	C
나르다	동	C
나름	의	C
나머지	명	B
나무	명	A
나물	명	B
나뭇가지	명	B
나뭇잎	명	B
나비	명	B
나빠지다	동	B
나쁘다	형	A
나서다	동	B
나아가다	동	C
나아지다	동	C
나오다	동	A
나이	명	A
나중	명	A
나침반	명	C
나타나다	동	B
나타내다	동	B
나흘	명	B
낙엽	명	B
낚시	명	B
낚시꾼	명	C
낚싯대	명	C
난리	명	C
난방	명	C
날	명	A
날개	명	B
날다	동	A
날리다	동	C
날씨	명	A
날아가다	동	B
날아다니다	동	C
날아오다	동	B
날짜	명	A
날카롭다	형	C
낡다	형	B
남	명	B
남기다	동	B
남녀	명	A
남다	동	B
남대문	고	A
남대문시장	고	A
남동생	명	A
남매	명	B
남미	고	C
남부	명	C
남북	명	C
남산	고	B
남성	명	B
남자	명	A
남쪽	명	A
남편	명	A
남학생	명	A
납득하다	동	C
낫다	동	B
낫다	형	B
낭비	명	C
낮	명	A
낮다	형	A
낮아지다	동	C
낮추다	동	C
낯설다	형	B
낱말	명	C
낳다	동	B
내	의	C
내과	명	C
내내	부	B
내년	명	A
내놓다	동	B
내다	동	A
내다	보	A
내다보다	동	C
내달	명	C
내려가다	동	A
내려놓다	동	B
내려다보다	동	B
내려오다	동	A
내려지다	동	C
내리다	동	A
내밀다	동	B
내버리다	동	C
내보내다	동	C
내부	명	C
내쉬다	동	C
내외	명	C
내용	명	B
내용물	명	C
내일	명	A
내일	부	A
내적	명	C
내주다	동	C
내지	부	B
내후년	명	C
냄비	명	B
냄새	명	B
냇물	명	C
냉동	명	C
냉면	명	A
냉방	명	C
냉장고	명	A
너	대	A
너머	명	B
너무	부	A
너무나	부	B
너희	대	B
넉	관	C
넉넉하다	형	C
널리	부	C
넓다	형	A
넓어지다	동	B
넓히다	동	B
넘겨주다	동	C
넘기다	동	C
넘다	동	B
넘어가다	동	B
넘어뜨리다	동	C
넘어서다	동	B
넘어오다	동	C
넘어지다	동	B
넘치다	동	B
넣다	동	A
네	감	A
네	관	A
네거리	명	B
넥타이	명	A
넷	수	A
넷째	관	A
넷째	수	A
녀석	의	B
년	의	A
년대	의	B
년도	의	B
년생	의	C
노동	명	C
노동자	명	B
노란색	명	A
노랗다	형	B
노래	명	A
노래방	명	B
노래하다	동	A
노랫소리	명	B
노력	명	B
노력하다	동	B
노선	명	C
노인	명	B
노트	명	A
녹다	동	C
녹색	명	B
녹음	명	B
녹음하다	동	B
녹이다	동	C
녹차	명	B
녹화	명	C
논	명	C
논리	명	C
논리적	명	C
논문	명	B
논의하다	동	B
논쟁	명	C
논하다	동	C
놀다	동	A
놀라다	동	A
놀랍다	형	B
놀리다	동	C
놀이	명	B
놀이터	명	B
놈	의	C
농구	명	B
농담	명	B
농민	명	C
농부	명	C
농사	명	B
농사일	명	C
농사짓다	동	C
농산물	명	C
농업	명	B
농장	명	C
농촌	명	B
높다	형	A
높아지다	동	B
높이	명	B
높이	부	B
높이다	동	B
놓다	동	A
놓다	보	A
놓아두다	동	C
놓이다	동	B
놓치다	동	B
놔두다	동	C
뇌	명	C
누구	대	A
누나	명	A
누르다	동	B
눈	명	A
눈가	명	C
눈감다	동	C
눈길	명	C
눈동자	명	C
눈뜨다	동	C
눈물	명	A
눈병	명	C
눈부시다	형	C
눈빛	명	B
눈썹	명	B
눈앞	명	B
눕다	동	B
뉴스	명	A
뉴욕	고	B
느껴지다	동	B
느끼다	동	B
느낌	명	B
느리다	형	B
늑대	명	C
늘	부	B
늘다	동	B
늘리다	동	B
늘어나다	동	B
늘어놓다	동	C
늘어서다	동	C
늘어지다	동	C
늙다	동	B
능동적	명	C
능력	명	B
늦가을	명	C
늦다	동	A
늦다	형	A
늦어지다	동	C
다	명	A
다	부	A
다가가다	동	B
다가서다	동	C
다가오다	동	B
다녀가다	동	B
다녀오다	동	A
다니다	동	A
다듬다	동	C
다루다	동	C
다르다	형	A
다른	관	A
다름없다	형	C
다리	명	A
다만	부	C
다방	명	C
다섯	수	A
다섯째	관	A
다섯째	수	A
다소	부	C
다수	명	B
다시	부	A
다양성	명	C
다양하다	형	B
다양해지다	동	C
다음	명	A
다이어트	명	B
다정하다	형	C
다지다	동	C
다짐하다	동	C
다치다	동	B
다투다	동	C
다툼	명	C
다하다	동	B
다행	명	C
다행히	부	B
닥치다	동	C
닦다	동	A
단	관	B
단	명	C
단계	명	C
단골	명	C
단단하다	형	C
단독	명	C
단맛	명	B
단순	명	C
단순하다	형	B
단순히	부	B
단어	명	A
단위	명	C
단점	명	B
단지	명	B
단지	부	B
단체	명	B
단추	명	C
단편	명	C
단풍	명	C
닫다	동	A
닫히다	동	B
달	명	A
달	의	A
달걀	명	B
달다	동	B
달다	보	C
달다	형	A
달라지다	동	B
달래다	동	C
달러	명	A
달러	의	A
달려가다	동	B
달려들다	동	C
달려오다	동	B
달력	명	A
달리	부	C
달리기	명	C
달리다	동	B
달리하다	동	C
달빛	명	B
달아나다	동	B
닭	명	A
닭고기	명	A
닮다	동	B
담	명	C
담그다	동	B
담기다	동	B
담다	동	B
담당	명	C
담당자	명	C
담당하다	동	B
담배	명	A
담요	명	B
담임	명	B
답	명	C
답답하다	형	B
답변	명	C
답장	명	B
답하다	동	B
닷새	명	B
당근	명	B
당기다	동	B
당당하다	형	C
당분간	부	C
당시	명	C
당신	대	B
당연하다	형	B
당연히	부	B
당장	명	B
당하다	동	C
당황하다	동	B
닿다	동	B
대	명	C
대	의	B
대가	명	C
대강	부	C
대개	명	C
대개	부	C
대구	고	B
대규모	명	C
대기	명	C
대기업	명	B
대기하다	동	C
대낮	명	C
대다	동	C
대다수	명	C
대단하다	형	B
대단히	부	B
대답	명	A
대답하다	동	A
대도시	명	B
대략	부	C
대량	명	C
대로	의	C
대륙	명	C
대문	명	B
대부분	명	B
대비	명	C
대비하다	동	C
대사	명	C
대사관	명	A
대상자	명	C
대신	명	B
대신하다	동	C
대여섯	관	C
대응	명	C
대응하다	동	C
대입	명	C
대전	고	B
대접	명	C
대접하다	동	C
대중	명	B
대중교통	명	B
대중문화	명	B
대중적	명	C
대책	명	C
대처하다	동	C
대체	부	C
대체로	부	C
대출	명	C
대충	부	C
대통령	명	B
대표	명	B
대표적	명	B
대표하다	동	C
대하다	동	B
대학	명	A
대학교	명	A
대학교수	명	B
대학로	고	C
대학생	명	A
대학원	명	B
대한민국	고	B
대합실	명	C
대형	명	C
대화	명	A
대화하다	동	B
대회	명	B
댁	명	A
댐	명	C
더	부	A
더구나	부	B
더더욱	부	C
더러워지다	동	C
더럽다	형	B
더불다	동	C
더욱	부	C
더욱더	부	C
더욱이	부	C
더위	명	B
더하다	동	B
덕	명	C
덕분	명	B
덕수궁	고	B
던지다	동	B
덜	부	B
덜다	동	C
덥다	형	A
덧붙이다	동	C
덩어리	명	C
덮다	동	B
덮이다	동	C
데	의	B
데려가다	동	B
데려오다	동	B
데리다	동	B
데우다	동	C
데이트	명	C
도	명	C
도	의	C
도구	명	B
도달하다	동	C
도대체	부	C
도덕	명	C
도둑	명	B
도로	명	B
도로	부	B
도리어	부	C
도마	명	C
도망	명	C
도망가다	동	B
도망치다	동	C
도서관	명	A
도시	명	A
도시락	명	B
도심	명	C
도와주다	동	A
도움	명	B
도움말	명	C
도입	명	C
도자기	명	B
도장	명	C
도저히	부	C
도전	명	C
도중	명	B
도착	명	A
도착하다	동	A
도쿄(동경)	고	B
독감	명	C
독립	명	C
독립하다	동	C
독서	명	B
독일	고	A
독일어	명	B
독창적	명	C
독특하다	형	C
독하다	형	C
돈	명	A
돌	명	B
돌다	동	B
돌려주다	동	B
돌리다	동	B
돌멩이	명	C
돌보다	동	B
돌아가다	동	A
돌아다니다	동	C
돌아보다	동	B
돌아서다	동	B
돌아오다	동	A
돕다	동	A
동	관	C
동	의	C
동그라미	명	C
동그랗다	형	C
동기	명	B
동네	명	B
동대문	고	B
동대문시장	고	B
동료	명	C
동물	명	A
동물원	명	B
동부	명	C
동생	명	A
동서	명	C
동서남북	명	C
동시	명	B
동아리	명	B
동안	명	A
동양	명	B
동양인	명	C
동의	명	C
동의하다	동	C
동일하다	형	C
동작	명	C
동전	명	B
동쪽	명	A
동창	명	B
동포	명	C
동행	명	C
동화	명	B
동화책	명	C
돼지	명	A
돼지고기	명	A
되게	부	B
되다	동	A
되돌리다	동	C
되돌아가다	동	C
되돌아보다	동	C
되돌아오다	동	C
되살리다	동	C
되찾다	동	C
되풀이되다	동	C
되풀이하다	동	C
된장	명	B
된장찌개	명	B
두	관	A
두껍다	형	B
두께	명	C
두뇌	명	C
두다	동	B
두다	보	B
두드러지다	형	C
두드리다	동	B
두려움	명	C
두려워하다	동	C
두렵다	형	C
두르다	동	C
두리번거리다	동	C
두부	명	B
두세	관	B
두어	관	C
두통	명	B
둘	수	A
둘러보다	동	B
둘러싸다	동	C
둘러싸이다	동	C
둘째	관	A
둘째	수	A
둥글다	형	B
둥지	명	C
뒤	명	A
뒤늦다	형	C
뒤따르다	동	C
뒤지다	동	C
뒤집다	동	B
뒤쪽	명	B
뒤편	명	C
뒷골목	명	C
뒷모습	명	C
뒷문	명	C
뒷산	명	B
드디어	부	C
드라마	명	B
드러나다	동	C
드리다	동	A
드리다	보	A
드물다	형	C
듣다	동	A
들	명	B
들다	동	A
들다	보	B
들려오다	동	B
들려주다	동	B
들르다	동	B
들리다	동	B
들어가다	동	A
들어서다	동	B
들어오다	동	A
들어주다	동	C
들여놓다	동	C
들여다보다	동	B
들이다	동	C
들이마시다	동	C
들이켜다	동	C
듯	의	C
듯싶다	보	C
듯이	의	B
듯하다	보	C
등	명	B
등	의	B
등등	의	C
등록	명	B
등록금	명	B
등록증	명	C
등록하다	동	C
등산	명	A
등산로	명	B
등장	명	C
등장하다	동	C
디스크	명	C
디자이너	명	B
디자인	명	B
따님	명	C
따다	동	B
따뜻하다	형	A
따라가다	동	B
따라다니다	동	C
따라서	부	C
따라오다	동	B
따로	부	B
따로따로	부	C
따르다	동	B
따스하다	형	C
딱	부	B
딱딱하다	형	C
딴	관	B
딸	명	A
딸기	명	A
딸아이	명	C
땀	명	B
땅	명	B
땅바닥	명	C
땅속	명	C
땅콩	명	B
때	명	A
때때로	부	B
때로	부	C
때리다	동	C
때문	의	A
땜	의	B
떠나가다	동	C
떠나다	동	A
떠나오다	동	C
떠들다	동	B
떠들썩하다	형	C
떠오르다	동	B
떠올리다	동	B
떡	명	A
떡국	명	C
떡볶이	명	B
떨다	동	B
떨리다	동	B
떨어뜨리다	동	B
떨어지다	동	B
떼	명	C
떼다	동	B
또	부	A
또는	부	B
또다시	부	B
또한	부	B
똑같다	형	A
똑같이	부	B
똑똑하다	형	B
똑바로	부	A
뚜껑	명	B
뚫다	동	C
뚱뚱하다	형	B
뛰놀다	동	C
뛰다	동	A
뛰어가다	동	C
뛰어나가다	동	B
뛰어나다	형	C
뛰어나오다	동	C
뛰어내리다	동	C
뛰어넘다	동	C
뛰어놀다	동	C
뛰어다니다	동	B
뛰어들다	동	B
뛰어오다	동	B
뛰어오르다	동	C
뜨겁다	형	A
뜨다	동	B
뜯다	동	C
뜰	명	C
뜻	명	B
뜻대로	부	C
뜻밖	명	C
뜻밖에	부	C
뜻하다	동	C
띄다	동	C
띄우다	동	C
라디오	명	A
라면	명	A
라운드	명	C
라이벌	명	C
라이터	명	B
라인	명	C
라켓	명	C
러시아	고	A
런던	고	B
레몬	명	B
레스토랑	명	B
레이저	명	C
레저	명	C
렌즈	명	B
로봇	명	C
로터리	명	C
리	의	C
리그	명	C
리듬	명	B
리터	의	C
마구	부	B
마누라	명	C
마늘	명	B
마당	명	C
마당	의	C
마디	명	C
마땅하다	형	C
마라톤	명	C
마련	명	C
마련	의	C
마련되다	동	B
마련하다	동	B
마루	명	B
마르다	동	B
마리	의	A
마무리	명	C
마사지	명	B
마시다	동	A
마약	명	C
마요네즈	명	C
마을	명	B
마음	명	A
마음가짐	명	C
마음껏	부	C
마음대로	부	B
마음먹다	동	C
마음속	명	B
마음씨	명	C
마이크	명	C
마주	부	B
마주치다	동	C
마중	명	B
마지막	명	A
마찬가지	명	B
마찰	명	C
마치	부	B
마치다	동	B
마침	부	B
마침내	부	B
마크	명	C
마흔	수	A
막	부	B
막걸리	명	C
막내	명	B
막다	동	B
막상	부	C
막히다	동	B
만	관	A
만	수	A
만	의	C
만나다	동	A
만남	명	B
만두	명	B
만들다	동	A
만들어지다	동	B
만만하다	형	C
만세	명	C
만약	명	B
만일	명	B
만점	명	C
만족	명	C
만족스럽다	형	C
만족하다	동	B
만족하다	형	B
만지다	동	B
만큼	의	B
만하다	보	C
만화	명	B
만화가	명	C
많다	형	A
많아지다	동	B
많이	부	A
말	명	A
말	의	B
말기	명	C
말다	동	A
말다	보	A
말리다	동	C
말씀	명	A
말씀드리다	동	B
말씀하다	동	A
말없이	부	C
말투	명	C
말하다	동	A
맑다	형	A
맘	명	C
맘대로	부	C
맛	명	A
맛보다	동	C
맛없다	형	A
맛있다	형	A
망설이다	동	C
망원경	명	C
망치다	동	C
망하다	동	C
맞다	동	B
맞서다	동	B
맞은편	명	B
맞이하다	동	C
맞추다	동	B
맡기다	동	B
맡다	동	B
매	명	C
매너	명	C
매년	부	B
매다	동	B
매달	부	C
매달다	동	C
매달리다	동	C
매력	명	B
매번	부	C
매스컴	명	C
매우	부	A
매일	명	A
매일	부	A
매장	명	C
매주	부	C
매체	명	C
맥주	명	A
맨	관	B
맵다	형	A
맺다	동	C
머리	명	A
머리말	명	C
머리카락	명	B
머리칼	명	C
머릿속	명	B
머무르다	동	B
머물다	동	C
먹고살다	동	C
먹다	동	A
먹다	보	A
먹이	명	C
먹이다	동	B
먹히다	동	B
먼저	부	A
먼지	명	B
멀다	형	A
멀리	부	B
멀어지다	동	B
멈추다	동	B
멋	명	B
멋있다	형	B
멋지다	형	C
멍멍	부	C
멎다	동	C
메뉴	명	A
메다	동	B
메모	명	B
메시지	명	B
메우다	동	C
메일	명	B
며느리	명	B
며칠	명	A
면	명	C
면담	명	C
면적	명	C
면접	명	C
면하다	동	C
멸치	명	C
명	의	A
명단	명	C
명령	명	B
명령어	명	C
명예	명	C
명의	명	C
명절	명	B
명칭	명	C
명함	명	B
명확하다	형	C
몇	관	A
몇	수	A
몇몇	관	B
몇십	관	B
모	관	C
모	대	C
모금	의	C
모기	명	B
모니터	명	B
모델	명	B
모두	명	A
모두	부	A
모든	관	A
모래	명	B
모레	명	B
모르다	동	A
모범	명	C
모색하다	동	C
모습	명	B
모시다	동	B
모양	명	B
모양	의	B
모여들다	동	C
모으다	동	B
모이다	동	B
모임	명	B
모자	명	A
모자라다	동	B
모조리	부	C
모집	명	C
모집하다	동	C
모처럼	부	C
모퉁이	명	C
목	명	A
목걸이	명	B
목록	명	C
목사	명	B
목소리	명	B
목숨	명	C
목요일	명	A
목욕	명	A
목욕탕	명	B
목적	명	B
목표	명	B
몰다	동	B
몰래	부	B
몰려들다	동	C
몰려오다	동	C
몸	명	A
몸매	명	C
몸무게	명	B
몸살	명	B
몸속	명	C
몸짓	명	C
몸통	명	C
몹시	부	B
못	명	C
못	부	A
못되다	형	C
못생기다	형	C
못지않다	형	C
못하다	동	A
못하다	보	A
못하다	형	A
묘사	명	C
묘사하다	동	C
무	명	B
무겁다	형	A
무게	명	B
무관심	명	C
무관심하다	형	C
무궁화	명	C
무기	명	C
무너지다	동	C
무늬	명	B
무대	명	C
무더위	명	B
무덤	명	C
무덥다	형	C
무려	부	C
무렵	의	B
무료	명	C
무릎	명	B
무리	명	C
무리하다	형	C
무사하다	형	C
무섭다	형	B
무슨	관	A
무시하다	동	B
무어	대	B
무엇	대	A
무역	명	B
무용	명	B
무용가	명	C
무의미하다	형	C
무조건	부	B
무지개	명	C
무책임하다	형	C
무척	부	B
묵다	동	C
묶다	동	B
묶이다	동	C
문	명	A
문구	명	C
문득	부	C
문밖	명	C
문법	명	C
문서	명	C
문자	명	C
문장	명	B
문제	명	A
문제되다	동	C
문제점	명	B
문학	명	B
문학적	명	C
문화	명	B
문화재	명	C
문화적	명	C
묻다	동	A
묻히다	동	C
물	명	A
물가	명	C
물건	명	A
물결	명	C
물고기	명	B
물기	명	C
물다	동	B
물러나다	동	C
물론	명	B
물론	부	A
물리학	명	C
물속	명	B
물어보다	동	A
물음	명	B
물질	명	C
물질적	명	C
물체	명	C
뭐	감	A
뭐	대	A
뭘	감	C
뭣	대	C
미	명	C
미국	고	A
미끄러지다	동	C
미끄럽다	형	C
미니	명	C
미디어	명	B
미래	명	B
미루다	동	C
미리	부	B
미만	명	C
미사일	명	C
미소	명	B
미술	명	B
미술관	명	B
미스	명	C
미안하다	형	A
미역	명	C
미용실	명	C
미움	명	C
미워하다	동	B
미인	명	B
미처	부	C
미치다	동	B
미터	의	A
미팅	명	B
미혼	명	C
민간	명	C
민속	명	C
민족	명	B
민주	명	C
민주주의	명	C
민주화	명	C
믿다	동	B
믿어지다	동	C
믿음	명	B
밀가루	명	B
밀다	동	B
밀리다	동	C
밀리미터	의	B
밀접하다	형	C
밉다	형	B
및	부	B
밑	명	A
밑바닥	명	C
바	명	C
바	의	C
바가지	명	C
바구니	명	C
바깥	명	B
바깥쪽	명	C
바꾸다	동	A
바뀌다	동	B
바나나	명	A
바늘	명	B
바다	명	A
바닥	명	B
바닷가	명	B
바닷물	명	B
바라다	동	B
바라보다	동	B
바람	명	A
바람	의	A
바람직하다	형	C
바로	부	A
바로잡다	동	C
바르다	동	B
바르다	형	B
바보	명	B
바쁘다	형	A
바싹	부	C
바위	명	B
바이러스	명	C
바이올린	명	B
바지	명	A
바치다	동	C
바퀴	명	C
바퀴	의	C
바탕	명	C
박	의	C
박다	동	C
박물관	명	A
박사	명	B
박수	명	B
박스	명	B
박히다	동	C
밖	명	A
반	명	A
반갑다	형	A
반기다	동	C
반대	명	B
반대편	명	C
반대하다	동	B
반드시	부	B
반말	명	C
반면	명	C
반발	명	C
반복되다	동	C
반복하다	동	B
반성	명	C
반성하다	동	C
반영하다	동	C
반응	명	C
반장	명	B
반죽	명	C
반지	명	B
반짝거리다	동	C
반짝이다	동	C
반찬	명	B
반하다	동	B
받다	동	A
받아들이다	동	B
받침	명	B
발	명	A
발가락	명	B
발걸음	명	C
발견	명	B
발견되다	동	B
발견하다	동	B
발길	명	C
발끝	명	C
발달	명	B
발달되다	동	C
발달하다	동	B
발등	명	B
발레	명	C
발목	명	B
발바닥	명	C
발생	명	B
발생하다	동	B
발음	명	A
발음하다	동	B
발자국	명	C
발전	명	B
발전되다	동	C
발전하다	동	B
발톱	명	C
발표	명	B
발표되다	동	C
발표하다	동	B
발휘하다	동	C
밝다	동	B
밝다	형	A
밝아지다	동	C
밝혀내다	동	C
밝혀지다	동	C
밝히다	동	B
밟다	동	B
밤	명	A
밤낮	명	B
밤늦다	형	B
밤새	명	C
밤새다	동	B
밤새우다	동	C
밤색	명	C
밤중	명	B
밤하늘	명	C
밥	명	A
밥그릇	명	B
밥맛	명	B
밥상	명	C
밥솥	명	B
방	명	A
방금	부	B
방면	명	C
방문	명	B
방문하다	동	B
방바닥	명	C
방법	명	B
방송	명	B
방송국	명	B
방송사	명	C
방송하다	동	C
방식	명	C
방안	명	C
방울	명	C
방지	명	C
방지하다	동	C
방학	명	A
방해	명	C
방해하다	동	C
방향	명	B
밭	명	B
배	명	A
배경	명	B
배고프다	형	A
배구	명	B
배꼽	명	B
배다	동	C
배달	명	B
배드민턴	명	B
배부르다	형	A
배우	명	B
배우다	동	A
배우자	명	C
배추	명	B
배추김치	명	C
배치	명	C
백	관	A
백	수	A
백두산	고	C
백색	명	C
백성	명	C
백인	명	C
백제	고	C
백화점	명	A
뱀	명	B
뱃사람	명	C
뱉다	동	C
버려지다	동	C
버릇	명	B
버리다	동	B
버리다	보	A
버섯	명	B
버스	명	A
버터	명	B
버튼	명	B
버티다	동	C
번	의	A
번개	명	C
번거롭다	형	C
번역	명	B
번역하다	동	C
번지	명	C
번째	의	B
번호	명	A
벌	명	C
벌	의	C
벌금	명	C
벌다	동	B
벌떡	부	C
벌레	명	B
벌리다	동	B
벌써	부	A
벌어지다	동	B
벌이다	동	B
범위	명	C
범인	명	C
범죄	명	C
법	명	B
법	의	B
법률	명	C
법원	명	C
법적	명	C
법칙	명	C
벗기다	동	B
벗다	동	A
베개	명	B
베다	동	C
베이징(북경)	고	B
벤치	명	C
벨트	명	B
벼	명	C
벽	명	B
변경	명	C
변동	명	C
변명	명	C
변신	명	C
변하다	동	B
변호사	명	B
변화	명	B
변화되다	동	C
변화하다	동	B
별	관	B
별	명	A
별다르다	형	C
별도	명	C
별로	부	B
별명	명	C
별일	명	C
병	명	A
병들다	동	B
병실	명	C
병아리	명	C
병원	명	A
보고	명	B
보고서	명	B
보고하다	동	C
보관	명	C
보관하다	동	B
보내다	동	A
보내오다	동	C
보너스	명	C
보다	동	A
보다	보	A
보다	부	A
보도	명	C
보도되다	동	C
보도하다	동	C
보라색	명	C
보람	명	B
보름	명	C
보리	명	C
보살피다	동	C
보상	명	C
보수	명	C
보수적	명	C
보안	명	C
보완하다	동	C
보이다	동	B
보자기	명	C
보장	명	C
보장되다	동	C
보장하다	동	C
보전	명	C
보조	명	C
보존	명	C
보존하다	동	C
보충하다	동	C
보통	명	A
보통	부	B
보편적	명	C
보험	명	B
보호	명	B
보호되다	동	C
보호하다	동	C
복	명	C
복도	명	B
복사	명	B
복사기	명	C
복사하다	동	B
복숭아	명	C
복습	명	B
복습하다	동	B
복잡하다	형	A
볶다	동	B
볶음	명	C
볶음밥	명	B
본	관	C
본격적	명	C
본래	명	B
본부	명	C
본사	명	C
본성	명	C
본인	명	C
본질	명	C
볼	명	C
볼링	명	C
볼일	명	B
볼펜	명	A
봄	명	A
봉사	명	C
봉사하다	동	C
봉지	명	B
봉투	명	B
뵈다	동	B
뵙다	동	B
부	명	C
부	의	B
부근	명	B
부끄러움	명	B
부끄럽다	형	B
부담	명	C
부담하다	동	C
부대	명	C
부동산	명	B
부드럽다	형	B
부딪치다	동	B
부딪히다	동	C
부러워하다	동	B
부러지다	동	C
부럽다	형	B
부르다	동	A
부르다	형	B
부모	명	A
부모님	명	A
부문	명	C
부부	명	A
부분	명	B
부분적	명	C
부산	고	A
부상	명	C
부서	명	C
부서지다	동	C
부엌	명	A
부위	명	C
부인	명	A
부자	명	B
부작용	명	B
부잣집	명	B
부장	명	B
부재	명	C
부정	명	C
부정적	명	C
부정하다	동	C
부족	명	B
부족하다	형	B
부지런하다	형	B
부지런히	부	C
부채	명	C
부처	명	B
부치다	동	B
부친	명	C
부탁	명	B
부탁하다	동	B
부품	명	C
부피	명	C
부회장	명	C
북	명	B
북부	명	C
북쪽	명	A
북한	고	B
분	의	A
분노	명	C
분량	명	C
분리	명	C
분리되다	동	C
분리하다	동	C
분명	부	B
분명하다	형	C
분명해지다	동	C
분명히	부	B
분석	명	C
분석하다	동	B
분야	명	C
분위기	명	B
분주하다	형	C
분포하다	동	C
분필	명	C
분홍색	명	C
불	명	A
불가능하다	형	B
불가피하다	형	C
불고기	명	A
불과	부	C
불과하다	형	C
불교	명	B
불구하다	동	C
불꽃	명	B
불다	동	A
불러일으키다	동	C
불리다	동	B
불리하다	형	C
불만	명	B
불법	명	C
불빛	명	B
불쌍하다	형	B
불안	명	B
불안하다	형	B
불어오다	동	C
불완전하다	형	C
불이익	명	C
불편	명	C
불편하다	형	B
불평	명	C
불평등하다	형	C
불필요하다	형	C
불행	명	C
불행하다	형	B
불확실하다	형	C
붉다	형	B
붐비다	동	C
붓다	동	B
붙다	동	B
붙들다	동	C
붙이다	동	B
붙잡다	동	C
붙잡히다	동	C
브랜드	명	C
블라우스	명	B
비	명	A
비교	명	B
비교적	부	B
비교하다	동	B
비극	명	C
비기다	동	C
비난	명	C
비누	명	A
비닐	명	B
비닐봉지	명	B
비다	동	C
비둘기	명	C
비디오	명	A
비로소	부	C
비롯되다	동	C
비롯하다	동	C
비만	명	C
비명	명	C
비밀	명	B
비바람	명	C
비비다	동	C
비빔밥	명	A
비상	명	C
비서	명	B
비슷하다	형	A
비싸다	형	A
비용	명	B
비우다	동	C
비웃다	동	C
비율	명	C
비중	명	C
비추다	동	C
비치다	동	C
비키다	동	B
비타민	명	B
비판	명	C
비판적	명	C
비판하다	동	B
비하다	동	C
비행	명	C
비행기	명	A
비행장	명	C
빌다	동	B
빌딩	명	B
빌리다	동	B
빗	명	B
빗물	명	B
빗방울	명	C
빗줄기	명	C
빚	명	C
빛	명	B
빛깔	명	C
빛나다	동	C
빠뜨리다	동	C
빠르다	형	A
빠져나가다	동	C
빠져나오다	동	C
빠지다	동	B
빨간색	명	A
빨갛다	형	B
빨다	동	B
빨래	명	B
빨리	부	A
빵	명	A
빼놓다	동	C
빼다	동	B
빼앗기다	동	C
빼앗다	동	C
뺏다	동	C
뺨	명	B
뻔하다	보	C
뻔하다	형	C
뻗다	동	B
뼈	명	B
뽑다	동	B
뽑히다	동	C
뿌리	명	B
뿌리다	동	B
뿌리치다	동	C
뿐	의	B
사	수	A
사건	명	C
사계절	명	B
사고	명	B
사과	명	A
사과하다	동	B
사귀다	동	C
사기	명	C
사나이	명	C
사냥	명	C
사다	동	A
사들이다	동	C
사라지다	동	B
사람	명	A
사랑	명	A
사랑스럽다	형	B
사랑하다	동	A
사례	명	C
사립	명	C
사망	명	C
사망하다	동	C
사모님	명	B
사무	명	B
사무소	명	C
사무실	명	A
사무직	명	C
사물	명	B
사방	명	C
사상	명	C
사생활	명	C
사설	명	C
사소하다	형	C
사슴	명	C
사실	명	B
사실	부	B
사실상	부	C
사십	수	A
사업	명	B
사업가	명	C
사업자	명	C
사용	명	B
사용되다	동	B
사용자	명	B
사용하다	동	A
사원	명	B
사월	명	A
사위	명	B
사이	명	A
사이사이	명	C
사이좋다	형	B
사자	명	B
사장	명	A
사전	명	A
사정	명	C
사진	명	A
사진기	명	B
사촌	명	B
사춘기	명	C
사탕	명	A
사투리	명	C
사표	명	C
사회	명	B
사회생활	명	C
사회자	명	C
사회적	명	B
사회주의	명	C
사회학	명	C
사흘	명	B
산	명	A
산길	명	C
산부인과	명	C
산소	명	B
산속	명	B
산업	명	C
산책	명	A
살	명	B
살	의	A
살다	동	A
살리다	동	B
살림	명	C
살아가다	동	C
살아나다	동	C
살아남다	동	C
살아오다	동	C
살인	명	C
살짝	부	B
살펴보다	동	B
살피다	동	C
삶	명	C
삶다	동	B
삼	수	A
삼가다	동	C
삼계탕	명	C
삼국	명	C
삼다	동	C
삼십	수	A
삼월	명	A
삼촌	명	B
삼키다	동	C
상	명	B
상관	명	C
상관없다	형	C
상관없이	부	C
상금	명	C
상담	명	C
상당	명	C
상당수	명	C
상당하다	형	C
상당히	부	C
상대	명	B
상대방	명	B
상대성	명	C
상대적	명	C
상대편	명	C
상류	명	C
상반기	명	C
상상	명	B
상상력	명	C
상상하다	동	B
상식	명	C
상업	명	C
상인	명	C
상자	명	B
상점	명	C
상징적	명	C
상징하다	동	C
상처	명	B
상추	명	B
상쾌하다	형	C
상태	명	C
상표	명	C
상품	명	B
상하다	동	B
상황	명	C
새	관	A
새	명	A
새기다	동	C
새끼	명	B
새다	동	C
새로	부	B
새로이	부	C
새롭다	형	C
새벽	명	B
새소리	명	B
새우	명	B
새우다	동	C
새해	명	B
색	명	A
색깔	명	A
색다르다	형	C
색연필	명	C
샌드위치	명	A
생	명	C
생각	명	A
생각나다	동	B
생각되다	동	B
생각하다	동	A
생겨나다	동	B
생기	명	C
생기다	동	A
생명	명	C
생물	명	C
생방송	명	C
생산	명	C
생산되다	동	C
생산력	명	C
생산자	명	C
생산하다	동	C
생선	명	A
생신	명	B
생일	명	A
생활	명	A
생활비	명	C
생활수준	명	C
생활용품	명	C
생활하다	동	B
생활환경	명	B
샤워	명	A
서구	명	C
서너	관	B
서늘하다	형	C
서다	동	A
서두르다	동	B
서랍	명	B
서로	명	B
서로	부	A
서류	명	B
서른	수	A
서명	명	C
서명하다	동	C
서민	명	C
서부	명	C
서비스	명	B
서서히	부	C
서양	명	B
서양인	명	C
서울	고	A
서울역	고	A
서적	명	C
서점	명	A
서쪽	명	A
서클	명	C
서투르다	형	B
서툴다	형	C
석	관	C
석	의	C
석사	명	C
석유	명	B
섞다	동	B
섞이다	동	B
선	명	C
선거	명	C
선명하다	형	C
선물	명	A
선물하다	동	A
선배	명	B
선생	명	A
선생님	명	A
선수	명	B
선언하다	동	C
선원	명	C
선장	명	C
선전	명	C
선정하다	동	C
선진	명	C
선진국	명	C
선택	명	B
선택하다	동	B
선풍기	명	B
선호하다	동	C
설거지	명	B
설날	명	B
설득하다	동	C
설렁탕	명	B
설립하다	동	C
설명	명	A
설명되다	동	C
설명하다	동	A
설문	명	C
설사	부	C
설악산	고	A
설치	명	C
설치되다	동	C
설치하다	동	C
설탕	명	A
섬	명	B
섭섭하다	형	C
섭씨	명	B
성	명	B
성격	명	B
성경	명	C
성공	명	B
성공적	명	C
성공하다	동	B
성당	명	C
성립되다	동	C
성립하다	동	C
성명	명	C
성별	명	B
성숙하다	동	C
성실하다	형	C
성인	명	B
성장	명	C
성장하다	동	C
성적	명	B
성질	명	C
성함	명	B
세	관	A
세	의	A
세계	명	B
세계관	명	C
세계적	명	B
세금	명	B
세기	명	B
세다	동	C
세다	형	B
세대	명	C
세련되다	형	C
세로	명	B
세미나	명	C
세상	명	B
세상에	감	C
세수	명	A
세우다	동	B
세워지다	동	B
세월	명	C
세제	명	C
세종대왕	고	C
세탁	명	B
세탁기	명	A
세탁소	명	B
세트	명	C
섹시하다	형	C
센터	명	B
센티미터	의	A
셈	의	C
셋	수	A
셋째	관	A
셋째	수	A
소	명	B
소개	명	B
소개되다	동	B
소개하다	동	A
소규모	명	C
소극적	명	C
소금	명	A
소나기	명	B
소나무	명	B
소녀	명	B
소년	명	B
소득	명	C
소리	명	B
소리치다	동	B
소망	명	C
소매	명	C
소문	명	B
소문나다	동	B
소박하다	형	C
소비	명	C
소비자	명	B
소비하다	동	C
소설	명	B
소설가	명	B
소속	명	C
소수	명	C
소스	명	B
소시지	명	B
소식	명	B
소아과	명	C
소요되다	동	C
소용	명	C
소용없다	형	B
소원	명	C
소위	부	C
소유	명	C
소유자	명	C
소유하다	동	C
소음	명	C
소재	명	C
소주	명	B
소중하다	형	C
소중히	부	C
소지품	명	C
소질	명	C
소파	명	A
소포	명	B
소풍	명	A
소프트웨어	명	C
소형	명	C
소홀히	부	C
소화	명	C
소화하다	동	C
속	명	A
속담	명	C
속도	명	B
속마음	명	C
속삭이다	동	C
속상하다	형	C
속옷	명	B
속이다	동	C
속하다	동	B
손	명	A
손가락	명	A
손길	명	C
손녀	명	B
손님	명	A
손등	명	C
손목	명	B
손바닥	명	B
손발	명	B
손뼉	명	B
손수	부	C
손수건	명	B
손쉽다	형	C
손실	명	C
손자	명	B
손잡다	동	C
손잡이	명	B
손질	명	C
손질하다	동	C
손톱	명	B
손해	명	C
솔직하다	형	B
솔직히	부	B
솜	명	C
솜씨	명	C
솟다	동	C
송아지	명	B
송이	명	B
송편	명	B
쇠	명	C
쇠고기	명	A
쇼	명	B
쇼핑	명	A
수	명	C
수	의	A
수건	명	A
수고	명	C
수고하다	동	B
수년	명	B
수단	명	C
수도	명	C
수도권	명	C
수도꼭지	명	C
수돗물	명	B
수동적	명	C
수리하다	동	C
수만	관	C
수많다	형	B
수면	명	C
수명	명	C
수박	명	A
수백	관	C
수상	명	B
수석	명	C
수술	명	B
수시로	부	C
수십	관	C
수업	명	A
수없이	부	C
수염	명	B
수영	명	A
수영장	명	A
수요	명	C
수요일	명	A
수입	명	B
수입되다	동	C
수입품	명	C
수입하다	동	B
수저	명	C
수준	명	C
수집	명	C
수집하다	동	C
수천	관	C
수출	명	B
수출하다	동	B
수컷	명	C
수표	명	B
수필	명	C
수학	명	B
수행하다	동	C
수험생	명	C
수화기	명	B
숙녀	명	C
숙소	명	B
숙이다	동	B
숙제	명	A
순간	명	B
순간적	명	C
순서	명	B
순수	명	C
순수하다	형	B
순식간	명	C
순위	명	C
순진하다	형	C
순하다	형	C
숟가락	명	A
술	명	A
술	의	A
술병	명	B
술자리	명	B
술잔	명	B
술집	명	B
숨	명	B
숨기다	동	C
숨다	동	B
숨지다	동	C
숫자	명	B
숲	명	B
쉬다	동	A
쉰	수	A
쉽다	형	A
슈퍼마켓	명	A
스님	명	B
스무	관	A
스물	수	A
스스로	명	B
스스로	부	B
스승	명	C
스웨터	명	B
스위치	명	C
스치다	동	C
스케이트	명	B
스케줄	명	B
스키	명	A
스키장	명	B
스타	명	B
스타일	명	B
스튜디오	명	C
스트레스	명	A
스포츠	명	A
슬그머니	부	C
슬쩍	부	C
슬퍼하다	동	B
슬프다	형	A
슬픔	명	B
습관	명	B
습기	명	C
승객	명	C
승리	명	C
승리하다	동	C
승부	명	C
승용차	명	B
승진	명	C
시	명	A
시	의	A
시각	명	C
시간	명	A
시간	의	A
시계	명	A
시골	명	B
시금치	명	C
시기	명	C
시끄럽다	형	B
시나리오	명	C
시내	명	B
시내버스	명	B
시대	명	B
시대적	명	C
시댁	명	C
시도	명	C
시도하다	동	B
시들다	동	C
시디	명	C
시디롬	명	C
시리즈	명	B
시멘트	명	C
시민	명	B
시부모	명	B
시선	명	C
시설	명	B
시스템	명	C
시아버지	명	B
시야	명	C
시어머니	명	B
시외	명	B
시외버스	명	C
시원하다	형	A
시월	명	A
시위	명	C
시인	명	B
시일	명	C
시작	명	A
시작되다	동	A
시작하다	동	A
시장	명	A
시절	명	B
시점	명	C
시중	명	C
시즌	명	C
시집	명	B
시집가다	동	C
시청	명	B
시청률	명	C
시청자	명	B
시키다	동	B
시합	명	C
시험	명	A
식	의	B
식구	명	B
식기	명	C
식다	동	B
식당	명	A
식량	명	C
식료품	명	C
식물	명	B
식빵	명	B
식사	명	A
식사하다	동	A
식생활	명	C
식욕	명	C
식용유	명	B
식초	명	B
식탁	명	A
식품	명	B
식품점	명	C
식히다	동	C
신	명	B
신경	명	C
신고	명	B
신고하다	동	C
신규	명	C
신기하다	형	C
신념	명	C
신다	동	A
신라	고	C
신랑	명	B
신문	명	A
신문사	명	B
신문지	명	B
신발	명	A
신부	명	B
신분	명	C
신비	명	C
신사	명	C
신선하다	형	B
신설	명	C
신세	명	C
신세대	명	C
신속하다	형	C
신용	명	B
신인	명	C
신입생	명	B
신제품	명	C
신중하다	형	C
신청	명	B
신청서	명	C
신청하다	동	C
신체	명	B
신체적	명	C
신호	명	B
신호등	명	B
신혼부부	명	B
신혼여행	명	B
신화	명	C
싣다	동	B
실	명	C
실감	명	C
실내	명	B
실력	명	B
실례	명	A
실례하다	동	A
실로	부	C
실리다	동	C
실망	명	C
실망하다	동	C
실수	명	B
실수하다	동	B
실습	명	C
실시	명	C
실시되다	동	C
실시하다	동	C
실은	부	C
실장	명	C
실정	명	C
실제	명	B
실제	부	C
실제로	부	C
실질적	명	C
실천	명	C
실천하다	동	C
실체	명	C
실컷	부	C
실태	명	C
실패	명	B
실패하다	동	B
실험	명	C
실현	명	C
실현되다	동	C
실현하다	동	C
싫다	형	A
싫어지다	동	B
싫어하다	동	A
심각하다	형	B
심각해지다	동	C
심다	동	B
심리	명	B
심리적	명	C
심부름	명	B
심사	명	C
심심하다	형	C
심장	명	C
심정	명	C
심판	명	C
심하다	형	B
심해지다	동	B
십	수	A
십이월	명	A
십일월	명	A
싱겁다	형	B
싱싱하다	형	C
싶다	보	A
싶어지다	보	C
싸구려	명	C
싸다	동	B
싸다	형	A
싸우다	동	A
싸움	명	B
싹	부	C
싼값	명	C
쌀	명	B
쌍	명	C
쌍둥이	명	C
쌓다	동	B
쌓이다	동	B
썩	부	C
썩다	동	B
썰다	동	B
썰렁하다	형	C
쏘다	동	B
쏟다	동	B
쏟아지다	동	B
쓰다	동	A
쓰다	형	B
쓰다듬다	동	C
쓰러지다	동	C
쓰레기	명	A
쓰레기통	명	B
쓰이다	동	B
쓴맛	명	C
쓸다	동	C
쓸데없다	형	C
쓸데없이	부	C
쓸쓸하다	형	C
씌우다	동	C
씨	명	B
씨	의	A
씨름	명	B
씨앗	명	C
씩씩하다	형	B
씹다	동	B
씻기다	동	C
씻다	동	A
아	감	A
아가씨	명	B
아기	명	A
아까	명	B
아까	부	B
아깝다	형	C
아끼다	동	C
아나운서	명	B
아내	명	A
아냐	감	C
아뇨	감	B
아니	감	B
아니	부	A
아니다	형	A
아니야	감	B
아니요	감	A
아니하다	보	C
아드님	명	C
아들	명	A
아래	명	A
아래쪽	명	B
아래층	명	B
아랫사람	명	C
아르바이트	명	C
아름답다	형	A
아마	부	A
아마도	부	B
아무	관	A
아무	대	A
아무개	대	C
아무것	명	B
아무래도	부	B
아무런	관	C
아무렇다	형	B
아무리	부	B
아무튼	부	B
아버님	명	B
아버지	명	A
아빠	명	A
아쉬움	명	C
아쉽다	형	C
아스팔트	명	C
아시아	고	B
아아	감	B
아예	부	C
아울러	부	C
아유	감	C
아이	감	B
아이	명	A
아이고	감	B
아이디어	명	C
아이스크림	명	A
아저씨	명	A
아주	부	A
아주머니	명	A
아줌마	명	A
아직	부	A
아침	명	A
아파트	명	A
아프다	형	A
아프리카	고	B
아픔	명	B
아하	감	C
아홉	수	A
아흔	수	A
악기	명	B
악몽	명	C
악수	명	B
안	명	A
안	부	A
안개	명	C
안경	명	A
안과	명	C
안기다	동	C
안내	명	C
안내하다	동	B
안녕	감	A
안녕하다	형	A
안녕히	부	A
안다	동	A
안동	고	C
안되다	동	A
안되다	형	B
안방	명	B
안부	명	C
안심하다	동	C
안전	명	B
안전하다	형	B
안정	명	C
안정되다	동	C
안주	명	B
안쪽	명	B
안타깝다	형	B
안팎	명	C
앉다	동	A
앉히다	동	C
않다	동	A
않다	보	A
알	명	B
알다	동	A
알려지다	동	B
알루미늄	명	C
알리다	동	B
알맞다	형	B
알아내다	동	C
알아듣다	동	B
알아보다	동	C
알아주다	동	C
알코올	명	C
앓다	동	B
암	명	B
암시	명	C
암컷	명	C
압력	명	C
앞	명	A
앞길	명	B
앞날	명	C
앞두다	동	C
앞뒤	명	B
앞문	명	C
앞바다	명	C
앞서	부	C
앞서다	동	B
앞세우다	동	C
앞장서다	동	C
앞쪽	명	B
애	명	B
애쓰다	동	C
애인	명	B
애정	명	C
애초	명	C
액세서리	명	B
액수	명	C
앨범	명	C
야	감	B
야간	명	C
야구	명	A
야구장	명	C
야단	명	C
야옹	부	C
야외	명	B
야채	명	B
야하다	형	C
약	관	B
약	명	A
약간	명	B
약간	부	B
약국	명	A
약속	명	A
약속하다	동	A
약수	명	C
약점	명	C
약품	명	C
약하다	형	B
약해지다	동	C
약혼녀	명	C
약혼자	명	C
얄밉다	형	C
얇다	형	B
양	관	C
양	명	B
양	의	C
양국	명	C
양념	명	B
양력	명	C
양말	명	A
양배추	명	B
양보	명	C
양보하다	동	B
양복	명	A
양상추	명	C
양식	명	C
양심	명	C
양옆	명	C
양주	명	C
양쪽	명	B
양파	명	B
얕다	형	B
얘	감	C
얘	불	B
얘기	명	A
얘기하다	동	A
어	감	A
어기다	동	C
어깨	명	A
어느	관	A
어느덧	부	C
어느새	부	B
어두워지다	동	B
어둠	명	B
어둡다	형	B
어디	감	A
어디	대	A
어때	불	B
어떠하다	형	A
어떡하다	불	B
어떤	관	A
어떻다	형	A
어려움	명	B
어려워지다	동	C
어렵다	형	A
어른	명	A
어리다	동	B
어리다	형	B
어리석다	형	C
어린아이	명	B
어린애	명	B
어린이	명	A
어린이날	명	B
어머	감	B
어머니	명	A
어머님	명	B
어색하다	형	B
어서	부	A
어울리다	동	B
어저께	명	C
어제	명	A
어제	부	A
어젯밤	명	B
어지럽다	형	C
어째서	불	C
어쨌든	부	C
어쩌다	동	B
어쩌다	부	C
어쩌다가	부	C
어쩌면	부	B
어쩐지	부	B
어쩜	부	C
어찌	부	C
어찌나	부	C
어찌하다	동	C
억	수	B
억울하다	형	C
언니	명	A
언덕	명	C
언론	명	C
언어	명	C
언제	대	A
언제	부	A
언제나	부	A
언젠가	부	B
얹다	동	B
얻다	동	B
얻어먹다	동	C
얼굴	명	A
얼다	동	B
얼른	부	B
얼리다	동	C
얼마	명	A
얼마간	명	C
얼마나	부	A
얼음	명	B
얼핏	부	C
엄격하다	형	C
엄마	명	A
엄숙하다	형	C
엄청나다	형	C
업다	동	C
업무	명	B
업종	명	C
업체	명	C
없다	형	A
없애다	동	B
없어지다	동	B
없이	부	B
엇갈리다	동	C
엉덩이	명	C
엉뚱하다	형	B
엉망	명	C
엉터리	명	C
엊그제	부	B
엎드리다	동	C
에	감	C
에너지	명	B
에어컨	명	A
엔	의	B
엔진	명	C
엘리베이터	명	B
여	명	B
여가	명	C
여간	부	C
여건	명	C
여겨지다	동	C
여고생	명	B
여관	명	B
여군	명	C
여권	명	A
여기	대	A
여기다	동	C
여기저기	명	B
여대생	명	B
여덟	수	A
여동생	명	A
여든	수	A
여러	관	A
여러분	대	A
여럿	명	C
여론	명	C
여름	명	A
여름철	명	B
여보	감	B
여보세요	감	A
여섯	수	A
여성	명	B
여왕	명	C
여우	명	B
여유	명	B
여인	명	C
여자	명	A
여전하다	형	C
여전히	부	C
여직원	명	B
여쭈다	동	B
여학생	명	A
여행	명	A
여행사	명	B
여행하다	동	A
역	명	A
역사	명	A
역사가	명	B
역사상	명	C
역사적	명	B
역사학	명	C
역시	부	B
역할	명	B
연간	명	C
연결	명	C
연결되다	동	B
연결하다	동	B
연관	명	C
연구	명	B
연구소	명	B
연구실	명	C
연구원	명	C
연구자	명	B
연구하다	동	B
연극	명	C
연기	명	B
연기되다	동	C
연기자	명	C
연기하다	동	C
연두색	명	C
연락	명	C
연락처	명	B
연락하다	동	B
연령	명	C
연말	명	B
연상하다	동	C
연설	명	C
연세	명	B
연속	명	C
연습	명	A
연습하다	동	A
연애	명	C
연예인	명	C
연인	명	C
연장	명	C
연주	명	C
연출	명	C
연출하다	동	C
연필	명	A
연하다	형	B
연합	명	C
연휴	명	B
열	명	B
열	수	A
열기	명	C
열다	동	A
열리다	동	B
열매	명	C
열쇠	명	A
열심히	부	A
열정	명	C
열중하다	동	C
열차	명	B
열흘	명	B
엷다	형	C
염려	명	C
염려하다	동	B
엽서	명	B
엿보다	동	C
영	부	C
영국	고	A
영남	명	C
영상	명	B
영양	명	C
영어	명	A
영업	명	C
영역	명	C
영웅	명	C
영원하다	형	B
영원히	부	B
영하	명	B
영향	명	C
영향력	명	C
영혼	명	C
영화	명	A
영화관	명	C
영화배우	명	C
영화제	명	C
옆	명	A
옆구리	명	C
옆방	명	B
옆집	명	B
예	감	A
예	명	B
예감	명	C
예고하다	동	C
예금	명	B
예매하다	동	B
예방	명	C
예방하다	동	C
예보	명	C
예비	명	C
예쁘다	형	A
예산	명	C
예상	명	B
예상되다	동	C
예상하다	동	C
예선	명	C
예순	수	A
예술	명	B
예술가	명	B
예술적	명	C
예습	명	C
예습하다	동	C
예식장	명	C
예약	명	B
예약하다	동	C
예외	명	C
예의	명	C
예전	명	B
예절	명	B
예정	명	B
예정되다	동	C
예측하다	동	C
예컨대	부	C
옛	관	B
옛날	명	A
옛날이야기	명	B
오	감	B
오	수	A
오가다	동	B
오늘	명	A
오늘	부	A
오늘날	명	B
오다	동	A
오다	보	A
오락	명	C
오래	부	A
오래간만	명	A
오래도록	부	B
오래되다	동	B
오래전	명	B
오랜	관	B
오랜만	명	A
오랫동안	명	B
오렌지	명	A
오로지	부	C
오르내리다	동	C
오르다	동	A
오른발	명	B
오른손	명	B
오른쪽	명	A
오리	명	B
오븐	명	B
오빠	명	A
오십	수	A
오염	명	C
오염되다	동	C
오월	명	A
오이	명	B
오전	명	A
오직	부	B
오징어	명	B
오페라	명	C
오피스텔	명	B
오해	명	C
오후	명	A
오히려	부	C
옥상	명	C
옥수수	명	B
온	관	B
온갖	관	C
온도	명	B
온돌	명	C
온라인	명	C
온몸	명	B
온종일	명	C
온통	부	B
올	관	C
올	명	C
올가을	명	C
올라가다	동	A
올라서다	동	C
올라오다	동	B
올라타다	동	C
올려놓다	동	B
올려다보다	동	C
올리다	동	C
올림픽	명	B
올바르다	형	C
올여름	명	C
올해	명	A
옮기다	동	B
옳다	형	B
옷	명	A
옷차림	명	C
와	감	B
와이셔츠	명	C
와인	명	B
완벽하다	형	B
완성	명	C
완성되다	동	C
완성하다	동	C
완전	명	C
완전하다	형	C
완전히	부	B
왕	명	B
왕비	명	C
왕자	명	C
왜	부	A
왜냐하면	부	A
왠지	부	B
외	의	B
외갓집	명	C
외과	명	C
외교	명	B
외교관	명	B
외국	명	A
외국어	명	A
외국인	명	A
외다	동	C
외로움	명	C
외롭다	형	B
외면하다	동	C
외모	명	C
외부	명	C
외삼촌	명	B
외아들	명	C
외우다	동	B
외제	명	C
외출	명	B
외출하다	동	B
외치다	동	C
외침	명	C
외할머니	명	B
외할아버지	명	C
왼발	명	B
왼손	명	B
왼쪽	명	A
요	관	C
요구	명	C
요구되다	동	C
요구하다	동	B
요금	명	B
요리	명	A
요리사	명	C
요리하다	동	A
요새	명	B
요약하다	동	C
요일	명	A
요즈음	명	A
요즘	명	A
요청	명	B
요청하다	동	C
욕	명	C
욕실	명	B
욕심	명	B
욕하다	동	C
용	명	C
용감하다	형	C
용기	명	C
용도	명	C
용돈	명	B
용서	명	C
용서하다	동	C
용어	명	C
우려	명	C
우리	대	A
우리나라	명	A
우리말	명	B
우산	명	A
우선	부	B
우수하다	형	B
우습다	형	C
우승	명	B
우승하다	동	B
우아하다	형	C
우연히	부	B
우울하다	형	B
우유	명	A
우정	명	C
우주	명	C
우체국	명	A
우편	명	C
우표	명	B
운	명	B
운동	명	A
운동복	명	B
운동장	명	A
운동하다	동	A
운동화	명	A
운명	명	C
운반	명	C
운영하다	동	C
운전	명	A
운전기사	명	B
운전사	명	C
운전자	명	B
운전하다	동	A
운행	명	C
울다	동	A
울리다	동	B
울산	고	B
울음	명	B
울음소리	명	C
움직이다	동	B
움직임	명	C
웃기다	동	B
웃다	동	A
웃어른	명	B
웃음	명	B
웃음소리	명	C
워낙	부	C
원	감	C
원	명	C
원	의	A
원고	명	C
원래	명	B
원서	명	C
원숭이	명	B
원인	명	C
원장	명	C
원피스	명	B
원하다	동	B
월	의	A
월급	명	B
월드컵	명	B
월세	명	C
월요일	명	A
웨이터	명	B
웬	관	C
웬만하다	형	C
웬일	명	B
위	명	A
위	의	C
위기	명	C
위대하다	형	C
위로	명	C
위로하다	동	C
위반	명	B
위반하다	동	C
위법	명	C
위성	명	C
위아래	명	B
위원	명	C
위원장	명	C
위주	명	C
위쪽	명	B
위층	명	B
위치	명	B
위치하다	동	B
위하다	동	B
위험	명	A
위험성	명	C
위험하다	형	A
위협	명	C
윗몸	명	C
윗사람	명	C
유교	명	B
유난히	부	B
유능하다	형	C
유럽	고	B
유리	명	B
유리창	명	B
유리하다	형	C
유머	명	C
유명	명	B
유명하다	형	A
유물	명	C
유발하다	동	C
유사하다	형	C
유산	명	C
유월	명	A
유의하다	동	C
유적	명	C
유적지	명	C
유지되다	동	C
유지하다	동	C
유치원	명	B
유학	명	B
유학생	명	B
유행	명	B
유행하다	동	B
유형	명	C
육	수	A
육군	명	C
육상	명	C
육십	수	A
육체	명	C
육체적	명	C
으레	부	C
으응	감	B
은	명	C
은은하다	형	C
은행	명	A
은행나무	명	C
음	감	B
음력	명	C
음료	명	B
음료수	명	B
음반	명	C
음성	명	C
음식	명	A
음식물	명	C
음식점	명	C
음악	명	A
음악가	명	B
음주	명	C
응	감	B
응답하다	동	C
의견	명	B
의논	명	C
의논하다	동	C
의도	명	C
의도적	명	C
의류	명	C
의무	명	C
의문	명	C
의미	명	B
의미하다	동	B
의복	명	C
의사	명	A
의식	명	C
의식하다	동	C
의심	명	C
의심하다	동	B
의외로	부	C
의욕	명	C
의원	명	C
의자	명	A
의존하다	동	C
의지	명	C
의지하다	동	C
의하다	동	B
의학	명	C
이	관	A
이	대	A
이	명	A
이	수	A
이	의	C
이같이	부	C
이거	대	A
이것	대	A
이것저것	명	B
이곳	대	A
이곳저곳	명	B
이기다	동	B
이끌다	동	C
이날	명	B
이내	명	C
이내	부	C
이념	명	C
이놈	대	C
이다음	명	C
이달	명	C
이대로	부	C
이데올로기	명	C
이동	명	B
이동하다	동	C
이따가	부	B
이따금	부	C
이때	명	A
이래	의	C
이래서	불	C
이러다	동	C
이러하다	형	B
이런	관	A
이런저런	관	C
이렇게	불	B
이렇다	형	A
이력서	명	C
이론적	명	C
이롭다	형	C
이루다	동	B
이루어지다	동	B
이룩하다	동	C
이뤄지다	동	B
이르다	동	B
이르다	형	B
이름	명	A
이리	부	B
이리저리	부	C
이마	명	B
이모	명	B
이미	부	B
이미지	명	B
이민	명	C
이발소	명	B
이번	명	A
이별	명	C
이분	대	A
이불	명	B
이빨	명	B
이사	명	B
이사장	명	C
이사하다	동	B
이상	명	B
이상적	명	C
이상하다	형	B
이성	명	B
이슬	명	C
이십	수	A
이야기	명	A
이야기하다	동	A
이어	부	C
이어서	부	C
이어지다	동	C
이외	명	B
이용	명	B
이용되다	동	B
이용자	명	C
이용하다	동	B
이웃	명	B
이웃집	명	B
이월	명	A
이유	명	B
이윽고	부	C
이익	명	B
이자	명	C
이전	명	B
이제	명	A
이제	부	A
이제야	부	C
이중	명	C
이쪽	대	A
이튿날	명	B
이틀	명	B
이하	명	B
이해	명	B
이해관계	명	C
이해되다	동	C
이해하다	동	A
이혼	명	B
이혼하다	동	B
이후	명	B
익다	동	B
익다	형	C
익숙하다	형	B
익숙해지다	동	B
익히다	동	C
인	명	C
인간	명	B
인간관계	명	C
인간성	명	C
인간적	명	C
인격	명	C
인공	명	C
인구	명	B
인근	명	C
인기	명	B
인도	명	C
인류	명	C
인물	명	C
인분	의	B
인사	명	A
인사말	명	B
인사하다	동	A
인삼	명	B
인삼차	명	B
인상	명	B
인상적	명	C
인생	명	B
인쇄	명	C
인식하다	동	C
인연	명	C
인원	명	B
인재	명	C
인정되다	동	C
인정받다	동	C
인정하다	동	C
인제	명	C
인제	부	B
인종	명	C
인천	고	A
인천공항	고	B
인체	명	C
인터넷	명	B
인터뷰	명	B
인하	명	C
인하다	동	C
인형	명	B
일	명	A
일	수	A
일	의	A
일곱	수	A
일기	명	B
일단	부	C
일대	관	C
일등	명	B
일반	명	B
일반인	명	C
일반적	명	B
일본	고	A
일본어	명	A
일부	명	B
일부러	부	C
일상	명	B
일상생활	명	B
일상적	명	C
일생	명	C
일손	명	C
일시적	명	C
일식	명	C
일쑤	명	C
일어나다	동	A
일어서다	동	C
일요일	명	A
일월	명	A
일으키다	동	B
일일이	부	C
일자	명	C
일자리	명	C
일정	명	B
일정하다	형	C
일종	명	C
일주일	명	A
일찍	부	A
일찍이	부	C
일체	명	C
일치	명	C
일치하다	동	C
일하다	동	A
일행	명	C
일회용	명	B
일회용품	명	B
일흔	수	A
읽다	동	A
읽히다	동	B
잃다	동	A
잃어버리다	동	A
임금	명	B
임무	명	C
임시	명	B
임신	명	B
임신부	명	C
임신하다	동	C
입	명	A
입구	명	B
입국	명	C
입다	동	A
입대	명	C
입력	명	C
입력하다	동	C
입맛	명	C
입사	명	C
입사하다	동	C
입술	명	B
입시	명	C
입원	명	B
입원하다	동	B
입장	명	C
입학	명	B
입학하다	동	B
입히다	동	C
잇다	동	C
잇따르다	동	C
있다	동	A
있다	보	A
있다	형	A
잊다	동	A
잊어버리다	동	A
잊혀지다	동	C
잎	명	A
자	감	B
자	명	C
자	의	C
자가용	명	B
자격	명	B
자격증	명	C
자극	명	C
자극하다	동	C
자기	대	B
자기	명	B
자꾸	부	B
자꾸만	부	B
자네	대	C
자녀	명	C
자다	동	A
자동	명	B
자동차	명	A
자라나다	동	B
자라다	동	B
자랑	명	C
자랑스럽다	형	B
자랑하다	동	B
자료	명	B
자르다	동	B
자리	명	A
자매	명	C
자부심	명	C
자살	명	C
자살하다	동	C
자세	명	C
자세하다	형	C
자세히	부	B
자식	명	B
자신	명	B
자신감	명	C
자연	명	B
자연스럽다	형	B
자연적	명	C
자연현상	명	C
자연환경	명	C
자연히	부	C
자원	명	C
자유	명	B
자유롭다	형	B
자율	명	C
자장면	명	A
자전거	명	A
자정	명	C
자존심	명	C
자주	부	A
자체	명	B
자취	명	C
자판	명	C
자판기	명	B
작가	명	B
작년	명	A
작다	형	A
작성	명	C
작성하다	동	C
작아지다	동	B
작업	명	C
작용	명	C
작용하다	동	C
작은딸	명	C
작은아들	명	C
작은아버지	명	C
작은어머니	명	C
작품	명	C
잔	명	A
잔디	명	C
잔디밭	명	C
잔뜩	부	B
잔치	명	B
잘	부	A
잘나다	형	C
잘되다	동	B
잘리다	동	C
잘못	명	B
잘못	부	B
잘못되다	동	B
잘못하다	동	B
잘살다	동	B
잘생기다	형	B
잘하다	동	A
잠	명	A
잠그다	동	C
잠기다	동	C
잠깐	명	A
잠깐	부	A
잠들다	동	B
잠바	명	C
잠수함	명	C
잠시	명	B
잠시	부	A
잠옷	명	B
잠자다	동	A
잠자리	명	C
잡다	동	A
잡수다	동	C
잡수시다	동	A
잡아당기다	동	C
잡아먹다	동	C
잡지	명	A
잡히다	동	B
장	명	B
장	의	A
장가	명	B
장갑	명	B
장관	명	C
장군	명	B
장기간	명	C
장기적	명	C
장난	명	C
장난감	명	B
장남	명	B
장래	명	B
장례	명	C
장례식	명	C
장르	명	C
장마	명	B
장면	명	C
장모	명	C
장모님	명	C
장미	명	A
장비	명	C
장사	명	B
장사꾼	명	C
장소	명	A
장수	명	C
장식	명	C
장애인	명	C
장인	명	C
장점	명	B
장차	부	C
장학금	명	B
잦다	형	C
재능	명	C
재다	동	C
재료	명	B
재미	명	A
재미없다	형	A
재미있다	형	A
재밌다	형	C
재빨리	부	C
재산	명	B
재생	명	C
재수	명	C
재우다	동	C
재작년	명	B
재정	명	C
재주	명	C
재즈	명	C
재채기	명	B
재판	명	C
재학	명	C
재활용	명	C
재활용품	명	C
쟤	불	B
저	감	B
저	관	A
저	대	A
저거	대	A
저것	대	A
저고리	명	C
저곳	대	A
저기	감	C
저기	대	A
저녁	명	A
저녁때	명	B
저러다	동	C
저런	감	B
저런	관	B
저렇게	불	B
저렇다	형	B
저리	부	B
저마다	부	C
저번	명	B
저울	명	C
저자	명	B
저절로	부	C
저지르다	동	C
저쪽	대	A
저축	명	B
저편	대	C
저희	대	B
적	명	B
적	의	B
적극	명	B
적극적	명	B
적다	동	A
적다	형	A
적당하다	형	B
적당히	부	B
적성	명	C
적어도	부	B
적어지다	동	B
적용	명	C
적용되다	동	C
적용하다	동	B
적응	명	C
적응하다	동	C
적절하다	형	C
적합하다	형	C
적히다	동	C
전	관	A
전	명	A
전개	명	C
전개되다	동	C
전개하다	동	C
전공	명	B
전공하다	동	C
전구	명	C
전국	명	B
전국적	명	C
전기	명	B
전기밥솥	명	B
전날	명	B
전달	명	C
전달되다	동	C
전달하다	동	B
전라도	고	B
전망	명	C
전망하다	동	C
전문	명	B
전문가	명	B
전문적	명	C
전문점	명	C
전문직	명	C
전반	명	C
전반적	명	C
전부	명	B
전부	부	B
전선	명	C
전설	명	C
전세	명	C
전시	명	C
전시되다	동	C
전시장	명	C
전시하다	동	C
전시회	명	C
전용	명	C
전자	명	B
전쟁	명	B
전주	고	C
전철	명	B
전체	명	B
전체적	명	B
전통	명	B
전통문화	명	C
전통적	명	B
전하다	동	B
전해지다	동	B
전혀	부	B
전화	명	A
전화기	명	B
전화번호	명	A
전화하다	동	A
전환	명	C
전환하다	동	C
전후	명	C
절	명	B
절대	명	C
절대	부	B
절대로	부	B
절대적	명	C
절망	명	C
절반	명	B
절약	명	C
절약하다	동	B
절차	명	C
젊다	형	B
젊은이	명	B
젊음	명	C
점	명	B
점	의	B
점검	명	C
점수	명	B
점심	명	A
점심때	명	B
점심시간	명	A
점원	명	B
점잖다	형	C
점점	부	B
점차	부	B
접근	명	C
접근하다	동	C
접다	동	C
접시	명	B
접촉	명	C
접하다	동	C
젓가락	명	A
젓다	동	B
정	명	B
정거장	명	B
정기	명	C
정기적	명	C
정답	명	B
정당	명	C
정도	명	B
정류장	명	A
정리	명	B
정리되다	동	C
정리하다	동	B
정말	감	B
정말	명	B
정말	부	A
정말로	부	B
정면	명	C
정문	명	B
정반대	명	C
정보	명	B
정보화	명	C
정부	명	C
정비	명	C
정상	명	B
정상적	명	C
정성	명	C
정식	명	B
정신	명	B
정신과	명	C
정신없이	부	C
정신적	명	B
정오	명	C
정원	명	B
정장	명	C
정지	명	C
정직하다	형	C
정치	명	B
정치권	명	C
정치인	명	C
정치적	명	B
정치학	명	C
정하다	동	B
정해지다	동	B
정확하다	형	B
정확히	부	B
젖	명	C
젖다	동	B
제거하다	동	C
제공	명	C
제공하다	동	B
제과점	명	C
제대로	부	B
제대하다	동	C
제도적	명	C
제목	명	B
제발	부	B
제법	부	B
제비	명	C
제사	명	C
제삿날	명	C
제시	명	C
제시되다	동	C
제시하다	동	C
제안	명	C
제안하다	동	C
제약	명	C
제외되다	동	C
제외하다	동	C
제의	명	C
제의하다	동	C
제일	명	A
제자	명	C
제자리	명	C
제작	명	C
제작하다	동	C
제주도	고	A
제출	명	C
제출하다	동	B
제품	명	B
제한	명	B
제한되다	동	C
제한하다	동	C
조	명	C
조	의	C
조각	명	B
조개	명	C
조건	명	B
조그마하다	형	C
조그맣다	형	B
조금	명	A
조금	부	A
조금씩	부	B
조기	명	C
조깅	명	C
조르다	동	C
조명	명	C
조미료	명	C
조사	명	B
조사하다	동	B
조상	명	B
조선	고	C
조심스럽다	형	B
조심하다	동	B
조용하다	형	A
조용히	부	B
조절	명	C
조절하다	동	C
조정	명	C
조정하다	동	C
조직	명	C
조카	명	B
조화되다	동	C
존경하다	동	C
존댓말	명	B
존재	명	C
존재하다	동	C
존중하다	동	C
졸다	동	B
졸리다	동	C
졸업	명	A
졸업생	명	B
졸업하다	동	A
졸음	명	C
좀	부	A
좁다	형	B
좁히다	동	C
종	명	B
종교	명	B
종교적	명	C
종로	고	B
종류	명	B
종소리	명	C
종업원	명	B
종이	명	A
종이컵	명	B
종일	명	B
종종	부	C
종합	명	B
종합하다	동	C
좋다	형	A
좋아	감	C
좋아지다	동	B
좋아하다	동	A
좌석	명	B
좌우	명	C
죄	명	C
죄송하다	형	A
죄인	명	C
주	관	C
주	명	A
주	의	A
주거	명	C
주고받다	동	C
주관적	명	C
주년	의	C
주다	동	A
주다	보	A
주로	부	B
주름	명	C
주름살	명	C
주말	명	A
주머니	명	B
주먹	명	B
주무시다	동	B
주문	명	C
주문하다	동	B
주민	명	C
주방	명	C
주변	명	B
주부	명	B
주사	명	B
주소	명	A
주스	명	A
주식	명	C
주어지다	동	C
주요	명	B
주요하다	형	C
주위	명	B
주의	명	C
주의하다	동	C
주인	명	A
주인공	명	B
주일	의	C
주장	명	C
주장하다	동	B
주저앉다	동	C
주전자	명	C
주제	명	B
주차	명	B
주차장	명	B
주차하다	동	B
주택	명	B
주한	명	C
죽	명	B
죽	부	C
죽다	동	A
죽다	보	B
죽음	명	B
죽이다	동	B
준비	명	A
준비되다	동	B
준비물	명	B
준비하다	동	A
줄	명	B
줄	의	B
줄거리	명	C
줄곧	부	C
줄기	명	B
줄다	동	B
줄무늬	명	B
줄어들다	동	C
줄이다	동	B
줍다	동	B
중	의	B
중간	명	B
중계방송	명	C
중국	고	A
중국어	명	A
중국집	명	B
중년	명	C
중단	명	C
중단되다	동	C
중단하다	동	C
중대하다	형	C
중독	명	C
중반	명	C
중부	명	C
중세	명	C
중소기업	명	C
중순	명	C
중식	명	C
중심	명	B
중심지	명	C
중앙	명	C
중얼거리다	동	C
중요	명	B
중요성	명	B
중요시하다	동	C
중요하다	형	A
중학교	명	A
중학생	명	A
쥐	명	B
쥐다	동	B
즉	부	B
즉석	명	C
즉시	명	B
즐거움	명	B
즐거워하다	동	B
즐겁다	형	A
즐기다	동	B
증가	명	C
증가하다	동	C
증거	명	C
증권	명	C
증권사	명	C
증명하다	동	C
증상	명	B
증세	명	B
지	의	B
지각	명	C
지갑	명	A
지겹다	형	C
지경	의	C
지구	명	B
지극히	부	C
지금	명	A
지금	부	A
지금껏	부	C
지급	명	C
지급하다	동	C
지나가다	동	B
지나다	동	B
지나치다	동	C
지나치다	형	B
지난날	명	C
지난달	명	A
지난번	명	B
지난주	명	A
지난해	명	B
지내다	동	A
지능	명	C
지니다	동	C
지다	동	B
지대	명	C
지도	명	A
지도자	명	C
지도하다	동	C
지루하다	형	C
지르다	동	B
지름길	명	C
지리산	고	C
지방	명	B
지배하다	동	C
지불하다	동	C
지붕	명	B
지속되다	동	C
지속적	명	C
지시	명	C
지시하다	동	C
지식	명	C
지식인	명	C
지역	명	B
지우개	명	A
지우다	동	A
지워지다	동	C
지원	명	C
지원하다	동	C
지위	명	C
지저분하다	형	C
지적	명	C
지적되다	동	C
지적하다	동	C
지점	명	B
지지	명	C
지진	명	C
지출	명	C
지치다	동	B
지켜보다	동	C
지키다	동	B
지폐	명	C
지하	명	A
지하도	명	B
지하철	명	A
지혜	명	C
직선	명	C
직업	명	B
직원	명	B
직장	명	B
직장인	명	C
직전	명	C
직접	명	B
직접	부	B
직접적	명	C
직후	명	C
진급	명	C
진단	명	C
진단하다	동	C
진달래	명	B
진동	명	C
진로	명	C
진료	명	C
진리	명	C
진실	명	C
진실로	부	C
진실하다	형	C
진심	명	C
진지하다	형	C
진짜	명	B
진짜	부	B
진찰	명	C
진출	명	B
진출하다	동	C
진통	명	C
진하다	형	B
진행	명	C
진행되다	동	B
진행자	명	C
진행하다	동	B
질	명	B
질문	명	A
질문하다	동	A
질병	명	C
질서	명	B
질적	명	C
짐	명	B
짐작	명	C
짐작하다	동	C
집	명	A
집다	동	B
집단	명	C
집단적	명	C
집안	명	B
집안일	명	C
집어넣다	동	C
집중	명	B
집중되다	동	C
집중적	명	C
집중하다	동	C
짓	명	B
짓다	동	B
짙다	형	B
짚다	동	C
짜다	동	C
짜다	형	A
짜증	명	B
짜증스럽다	형	C
짝	명	C
짧다	형	A
짧아지다	동	B
쩔쩔매다	동	C
쪽	명	B
쪽	의	A
쫓겨나다	동	C
쫓기다	동	C
쫓다	동	C
쭉	부	C
찌개	명	A
찌꺼기	명	C
찌다	동	B
찌르다	동	B
찍다	동	A
찍히다	동	C
찢다	동	C
찢어지다	동	C
차	명	A
차	의	C
차갑다	형	B
차남	명	B
차다	동	B
차다	형	B
차라리	부	C
차량	명	C
차례	명	B
차리다	동	B
차림	명	C
차마	부	C
차별	명	C
차선	명	C
차이	명	B
차이점	명	C
차차	부	C
차창	명	C
차츰	부	C
착각	명	C
착각하다	동	C
착하다	형	B
찬물	명	B
찬성	명	C
찬성하다	동	C
참	감	B
참	부	A
참	의	C
참가	명	C
참가하다	동	B
참고하다	동	C
참기름	명	B
참다	동	B
참되다	형	C
참새	명	C
참석	명	C
참석자	명	C
참석하다	동	B
참여	명	C
참여하다	동	C
참외	명	C
참으로	부	C
참조	명	C
찻잔	명	B
창	명	C
창가	명	C
창고	명	B
창구	명	C
창문	명	A
창밖	명	B
창작	명	C
창조	명	C
창조적	명	C
창조하다	동	C
창피하다	형	C
찾다	동	A
찾아가다	동	B
찾아내다	동	B
찾아다니다	동	C
찾아보다	동	B
찾아오다	동	B
채	부	C
채	의	C
채널	명	B
채소	명	B
채우다	동	B
채점	명	C
책	명	A
책가방	명	B
책방	명	B
책상	명	A
책임	명	B
책임감	명	C
책임자	명	B
책임지다	동	C
챔피언	명	B
챙기다	동	B
처녀	명	C
처리	명	C
처벌	명	C
처음	명	A
처지	명	C
척	의	C
척하다	보	C
천	관	A
천	명	C
천	수	A
천국	명	C
천둥	명	C
천장	명	C
천재	명	C
천천히	부	A
철	명	B
철도	명	C
철저하다	형	C
철저히	부	C
철학	명	C
철학자	명	C
철학적	명	C
첫	관	B
첫날	명	B
첫째	관	A
첫째	수	A
청년	명	B
청바지	명	A
청소	명	A
청소기	명	B
청소년	명	B
청소하다	동	A
청춘	명	C
청하다	동	C
체계적	명	C
체력	명	C
체온	명	C
체육	명	B
체육관	명	C
체조	명	C
체중	명	B
체하다	보	C
체험	명	C
체험하다	동	C
쳐다보다	동	B
초	의	B
초기	명	C
초대	명	A
초대하다	동	A
초등학교	명	A
초등학생	명	C
초록색	명	B
초반	명	C
초밥	명	B
초보	명	B
초보자	명	B
초상화	명	C
초순	명	C
초여름	명	C
초원	명	C
초저녁	명	C
초점	명	C
초조하다	형	C
초청	명	C
초청장	명	B
초청하다	동	C
초콜릿	명	A
촌스럽다	형	C
촛불	명	C
총	관	C
총	명	C
총각	명	C
총리	명	C
총장	명	B
촬영	명	B
최고	명	B
최고급	명	C
최근	명	B
최대	명	B
최대한	명	C
최상	명	C
최선	명	B
최소	명	C
최소한	명	B
최신	명	C
최악	명	C
최저	명	C
최종	명	C
최초	명	B
최후	명	C
추가	명	C
추가되다	동	C
추가하다	동	C
추다	동	A
추석	명	C
추억	명	B
추위	명	B
추진	명	C
추진하다	동	C
추천	명	C
추천하다	동	C
추측	명	C
축구	명	A
축구공	명	B
축구장	명	C
축소	명	C
축제	명	B
축하	명	B
축하하다	동	A
출구	명	B
출국	명	C
출근	명	B
출근하다	동	B
출발	명	B
출발점	명	C
출발하다	동	A
출산	명	C
출석하다	동	C
출신	명	C
출연	명	C
출연하다	동	B
출입	명	B
출입국	명	C
출입문	명	B
출장	명	B
출퇴근	명	C
출판	명	C
출판사	명	C
출현하다	동	C
춤	명	A
춤추다	동	A
춥다	형	A
충격	명	B
충격적	명	C
충고	명	C
충돌	명	C
충돌하다	동	C
충분하다	형	B
충분히	부	B
충청도	고	B
취미	명	A
취소	명	B
취소하다	동	B
취업	명	C
취재	명	C
취직	명	B
취하다	동	B
취향	명	C
층	명	A
치과	명	B
치다	동	A
치료	명	B
치료법	명	C
치료하다	동	B
치르다	동	C
치마	명	A
치아	명	C
치약	명	A
치우다	동	B
치우다	보	C
치즈	명	B
친구	명	A
친절	명	B
친절하다	형	A
친정	명	C
친척	명	B
친하다	형	B
친해지다	동	C
칠	수	A
칠십	수	A
칠월	명	A
칠판	명	A
칠하다	동	C
침	명	C
침대	명	A
침묵	명	C
침실	명	B
침착하다	형	C
칫솔	명	A
칭찬	명	B
칭찬하다	동	C
카드	명	A
카레	명	B
카메라	명	A
카운터	명	B
카페	명	B
칸	명	C
칼	명	A
칼국수	명	C
캄캄하다	형	C
캐나다	고	A
캐릭터	명	C
캠퍼스	명	B
캠페인	명	C
커다랗다	형	B
커지다	동	B
커튼	명	B
커피	명	A
컨디션	명	C
컬러	명	C
컴퓨터	명	A
컵	명	A
케첩	명	C
켜다	동	A
켜지다	동	B
코	명	A
코끝	명	C
코끼리	명	B
코너	명	B
코드	명	C
코미디	명	C
코스	명	C
코스모스	명	C
코치	명	C
코트	명	C
코피	명	B
콘서트	명	B
콜라	명	A
콤플렉스	명	B
콩	명	B
콩나물	명	B
쾌감	명	C
쿠데타	명	C
크기	명	B
크다	동	A
크다	형	A
크리스마스	명	A
크림	명	C
큰길	명	B
큰딸	명	C
큰소리	명	B
큰아들	명	C
큰아버지	명	C
큰어머니	명	C
큰일	명	B
큰절	명	C
클래식	명	C
클럽	명	C
키	명	A
키스	명	C
키우다	동	B
킬로	의	B
킬로그램	의	B
킬로미터	의	B
타고나다	동	C
타다	동	A
타락	명	C
타오르다	동	C
타입	명	C
타자기	명	C
탁	부	C
탁구	명	C
탁월하다	형	C
탁자	명	C
탄생	명	C
탄생하다	동	C
탈출하다	동	C
탑	명	B
탓	명	C
태권도	명	A
태도	명	B
태아	명	C
태양	명	B
태어나다	동	A
태우다	동	B
태풍	명	B
택시	명	A
택하다	동	C
탤런트	명	B
터	명	C
터	의	B
터널	명	B
터뜨리다	동	B
터미널	명	B
터지다	동	C
턱	명	B
턱	의	C
털	명	B
털다	동	B
텅	부	C
테니스	명	A
테러	명	C
테스트	명	B
테이블	명	A
테이프	명	B
텍스트	명	C
텔레비전	명	A
토끼	명	B
토대	명	C
토론	명	B
토론자	명	C
토론하다	동	C
토론회	명	C
토마토	명	B
토요일	명	A
토하다	동	C
톤	의	B
통	명	B
통	의	B
통계	명	C
통과	명	C
통과하다	동	C
통로	명	C
통신	명	B
통역	명	C
통일	명	B
통일하다	동	C
통장	명	B
통제	명	C
통증	명	C
통하다	동	B
통합	명	C
통화	명	C
퇴근	명	B
퇴근하다	동	B
퇴원	명	C
퇴원하다	동	C
퇴직금	명	C
투명하다	형	C
투자	명	C
투표	명	C
튀기다	동	C
튀김	명	C
튀다	동	C
튀어나오다	동	C
트럭	명	C
트이다	동	C
특급	명	C
특별	명	B
특별하다	형	B
특별히	부	B
특성	명	C
특수	명	C
특수성	명	C
특이하다	형	C
특정하다	형	C
특징	명	B
특히	부	B
튼튼하다	형	B
튼튼히	부	C
틀	명	C
틀다	동	B
틀리다	동	B
틀림없다	형	B
틀림없이	부	C
틈	명	C
티브이	명	A
티셔츠	명	B
팀	명	A
파	명	B
파괴하다	동	C
파다	동	C
파도	명	B
파란색	명	A
파랗다	형	B
파리	고	B
파리	명	B
파악하다	동	C
파일	명	B
파출소	명	C
파티	명	A
판	명	C
판	의	C
판결	명	C
판단	명	B
판단하다	동	C
판매	명	B
판매되다	동	C
판매하다	동	B
판사	명	C
팔	명	A
팔	수	A
팔다	동	A
팔리다	동	B
팔십	수	A
팔월	명	A
팝송	명	C
패션	명	B
팩	명	B
팩스	명	C
팩시밀리	명	C
팬	명	B
팬티	명	B
퍼센트	의	A
퍼지다	동	C
퍽	부	C
페인트	명	C
펴내다	동	C
펴다	동	B
편	의	B
편견	명	C
편리하다	형	B
편안하다	형	B
편의	명	C
편의점	명	C
편지	명	A
편하다	형	B
편히	부	B
펼쳐지다	동	B
평	명	C
평	의	C
평가	명	C
평가되다	동	C
평가하다	동	C
평균	명	C
평범하다	형	B
평상시	명	C
평생	명	B
평소	명	B
평양	고	C
평일	명	B
평화	명	B
평화롭다	형	C
폐지	명	C
포근하다	형	C
포기하다	동	B
포도	명	A
포도주	명	B
포스터	명	B
포인트	명	C
포장	명	B
포장마차	명	C
포크	명	C
포함	명	C
포함되다	동	B
포함하다	동	B
폭	명	B
폭넓다	형	C
폭력	명	C
표	명	A
표면	명	C
표시	명	C
표시하다	동	B
표정	명	B
표준	명	C
표현	명	B
표현되다	동	C
표현하다	동	B
푸다	동	C
푸르다	형	B
푹	부	B
풀	명	B
풀다	동	B
풀리다	동	B
풀어지다	동	C
품	명	C
품다	동	C
품목	명	C
품질	명	C
풍경	명	B
풍부하다	형	C
풍속	명	C
풍습	명	C
프랑스	고	A
프로	명	B
프로그램	명	B
프린터	명	C
플라스틱	명	B
피	명	B
피곤	명	C
피곤하다	형	A
피다	동	B
피디	명	C
피로	명	B
피로하다	형	B
피망	명	C
피부	명	B
피시	명	B
피아노	명	A
피우다	동	A
피자	명	A
피하다	동	C
피해	명	C
피해자	명	C
필름	명	B
필수	명	C
필수적	명	C
필연적	명	C
필요	명	A
필요성	명	C
필요하다	형	A
필자	명	C
필통	명	B
핑계	명	C
하	명	C
하긴	부	C
하나	명	A
하나	수	A
하나님	명	C
하나하나	명	C
하나하나	부	C
하느님	명	C
하늘	명	A
하다	동	A
하다	보	A
하도	부	C
하드웨어	명	C
하루	명	B
하룻밤	명	C
하반기	명	C
하숙집	명	B
하순	명	C
하얀색	명	B
하얗다	형	B
하여튼	부	B
하지만	부	A
하천	명	C
하품	명	B
하필	부	C
하하	부	B
학과	명	C
학교	명	A
학교생활	명	C
학급	명	C
학기	명	B
학년	명	A
학력	명	C
학번	명	C
학부모	명	C
학비	명	C
학생	명	A
학생증	명	B
학술	명	C
학습	명	B
학용품	명	C
학원	명	B
학위	명	C
학자	명	C
학점	명	C
한	관	A
한	명	C
한가운데	명	C
한가하다	형	C
한강	고	A
한겨울	명	C
한결	부	C
한계	명	C
한구석	명	C
한국	고	A
한국말	명	A
한국어	명	A
한국적	명	B
한글	명	A
한글날	명	C
한꺼번에	부	B
한낮	명	C
한눈	명	C
한데	부	C
한동안	명	B
한두	관	B
한둘	수	B
한때	명	C
한라산	고	B
한마디	명	C
한문	명	C
한반도	고	C
한밤중	명	C
한번	명	A
한복	명	A
한순간	명	C
한숨	명	B
한식	명	C
한여름	명	C
한자	명	A
한잔	명	B
한잔하다	동	B
한정되다	동	C
한정하다	동	C
한쪽	명	B
한참	명	B
한창	부	C
한층	부	C
한편	명	B
한편	부	B
한평생	명	C
한하다	동	C
할머니	명	A
할아버지	명	A
할인	명	B
함께	부	A
함께하다	동	C
함부로	부	B
합격	명	B
합격하다	동	C
합리적	명	C
합치다	동	B
합하다	동	C
항공	명	C
항공기	명	C
항구	명	C
항상	부	A
항의	명	C
해	명	A
해	의	A
해결	명	B
해결되다	동	C
해결하다	동	B
해군	명	C
해내다	동	C
해답	명	C
해당	명	C
해당되다	동	C
해당하다	동	C
해롭다	형	C
해마다	부	B
해물	명	C
해석	명	B
해석하다	동	C
해설	명	C
해소	명	C
해소하다	동	C
해수욕장	명	C
해안	명	C
해외	명	B
해외여행	명	B
핵	명	C
핵심	명	C
핸드백	명	C
핸드폰	명	A
햄	명	C
햄버거	명	A
햇볕	명	B
햇빛	명	B
햇살	명	B
행동	명	B
행동하다	동	B
행복	명	B
행복하다	형	B
행사	명	B
행운	명	C
행위	명	C
행하다	동	C
행해지다	동	C
향	명	C
향기	명	B
향상	명	C
향상되다	동	C
향수	명	B
향하다	동	B
허가	명	C
허락	명	C
허락하다	동	C
허리	명	A
허용	명	C
허용되다	동	C
허용하다	동	B
허허	부	C
헌	관	B
헤매다	동	C
헤아리다	동	C
헤어지다	동	B
헬기	명	C
혀	명	B
현	관	C
현관	명	B
현관문	명	C
현금	명	B
현대	명	B
현대인	명	C
현대적	명	C
현상	명	C
현실	명	C
현실적	명	C
현장	명	C
현재	명	B
현재	부	B
현지	명	B
혈액	명	C
협력	명	C
형	명	A
형님	명	B
형부	명	B
형사	명	C
형성	명	C
형성되다	동	C
형성하다	동	C
형수	명	C
형식	명	C
형식적	명	C
형제	명	B
형태	명	C
형편	명	C
혜택	명	C
호	의	A
호기심	명	C
호남	명	C
호랑이	명	B
호박	명	C
호선	의	B
호수	명	B
호실	명	C
호주	고	A
호주머니	명	C
호텔	명	A
호흡	명	C
혹시	부	C
혹은	부	B
혼나다	동	C
혼자	명	A
혼잣말	명	C
홀로	부	C
홈페이지	명	B
홍보	명	C
홍수	명	C
홍차	명	B
화	명	A
화가	명	B
화나다	동	B
화려하다	형	B
화면	명	C
화분	명	B
화살	명	C
화요일	명	A
화장	명	C
화장실	명	A
화장지	명	C
화장품	명	B
화재	명	C
화제	명	C
화학	명	C
확	부	C
확대되다	동	B
확대하다	동	B
확립하다	동	C
확보	명	C
확산되다	동	C
확신	명	C
확신하다	동	C
확실하다	형	B
확실히	부	B
확인	명	B
확인되다	동	C
확인하다	동	B
확장	명	C
확정	명	C
환갑	명	B
환경	명	B
환경오염	명	C
환영	명	B
환영하다	동	C
환율	명	C
환자	명	A
환하다	형	C
활기	명	C
활동	명	B
활동하다	동	B
활발하다	형	B
활발해지다	동	C
활발히	부	C
활용	명	C
활용하다	동	B
활짝	부	C
회	의	C
회견	명	C
회관	명	C
회복	명	C
회복되다	동	C
회복하다	동	B
회사	명	A
회색	명	B
회원	명	B
회의	명	A
회장	명	B
회전	명	C
회화	명	B
횟수	명	C
횡단보도	명	B
효과	명	B
효과적	명	C
효도	명	C
효도하다	동	C
효율적	명	C
효자	명	C
후	명	A
후기	명	C
후반	명	C
후배	명	B
후보	명	C
후춧가루	명	B
후회	명	C
후회하다	동	B
훈련	명	C
훌륭하다	형	B
훔치다	동	C
훨씬	부	B
휴가	명	B
휴식	명	C
휴일	명	A
휴지	명	A
휴지통	명	A
흉내	명	C
흐려지다	동	C
흐르다	동	B
흐름	명	C
흐리다	동	C
흐리다	형	B
흑백	명	C
흑인	명	C
흔들다	동	B
흔들리다	동	C
흔적	명	C
흔하다	형	C
흔히	부	B
흘러가다	동	B
흘러나오다	동	B
흘러내리다	동	C
흘리다	동	B
흙	명	B
흥미	명	B
흥미롭다	형	C
흥분	명	C
흥분하다	동	C
흩어지다	동	C
희곡	명	C
희다	형	B
희망	명	B
희망하다	동	C
희생	명	C
희생하다	동	C
흰색	명	A
힘	명	A
힘겹다	형	C
힘껏	부	C
힘들다	형	A
힘들어하다	동	C
힘쓰다	동	C
힘없이	부	C
힘차다	형	C
